id,中文,en-US
1,更新,Update
2,缓存管理,"Cache management"
3,添加,Add
4,系统监控,"System monitoring"
5,查看,Check
6,信息概况,"General information"
7,网络流量监控,"Network traffic monitoring"
8,设备负载监控,"Device load monitoring"
9,删除,Delete
10,WEB应用监控,"WEB application monitoring"
12,修改,Modify
15,上传文件,"Upload file"
19,编辑,Edit
22,安装库,"Install library"
23,搜索,Search
24,配置表,"Configuration table"
25,网口配置,"Port configuration"
26,端口镜像,"Port mirroring"
28,虚拟线,"Virtual Wire"
30,拨号设备,"Dial device"
31,端口聚合,"Aggregate port"
32,VLAN设备,"VLAN device"
33,DHCP,DHCP
34,DNS设置,"DNS setting"
35,IPV6隧道配置,"IPV6 tunnel"
36,NAT64配置,NAT64
37,ECMP,ECMP
38,静态路由,"Static routing"
39,WEB站点流量,"WEB site traffic"
40,策略路由,"Policy routing"
41,"新建连接数 与 处理事务数","Number of new connections and transactions processing"
42,ISP路由,"ISP routing"
43,并发连接数,"Concurrent connections"
44,动态路由,"Dynamic routing"
45,IP/IP组,"IP/IP group"
46,ISP地址,"ISP address"
47,服务/组,Service/group
48,URL类型组,"URL type group"
49,文件类型组,"File type group"
50,时间计划,"Time plan"
51,自定义IPS规则库,"User defined IPS rule base"
52,WEB应用防护规则库,"WEB application protection rule base"
53,NAT,NAT
54,连接数控制,"Connection quantity control"
55,DOS/DDOS防护,"DOS/DDOS prevention"
56,会话管理,"Session management"
57,会话控制,"Session control"
58,连接排行榜,"Connection ranking list"
59,会话状态,"Session status"
60,IP-MAC绑定配置,"IP-MAC binding configuration"
61,联动,Collaboration
62,URL过滤,"URL filtering"
63,URL过滤策略,"URL filtering policy"
64,URL黑名单,"URL blacklist"
65,URL白名单,"URL white list"
66,配置,Configuration
67,web应用防护,"WEB application protection"
68,病毒防护,"Virus prevention"
69,更新2,"Update 2"
70,基本配置,"Basic configuration"
71,防病毒策略设置,"Anti-virus policy setting"
72,信息泄漏防护,"Information leakage prevention"
73,关键词过滤,"Keywords filtering"
75,文件过滤,"File filtering"
76,标题,Title
78,"SSL VPN","SSL VPN"
79,服务管理,"Service management"
80,用户配置,"User configuration"
81,"IPSEC VPN","IPSEC VPN"
82,本地子网,"Local subnet"
83,分支对接,"Branch connection"
84,IPSEC监控管理,"IPSEC monitoring management"
85,"L2TP VPN","L2TP VPN"
86,下载,Download
87,监控管理,"Monitoring management"
88,首页定制保存,"Homepage customization saved"
89,虚拟池IP,"Virtual IP pool"
90,导出,Export
91,"NAT 穿越","NAT traversal"
92,网站访问分析(当月),"Website access analysis(current month)"
93,中心节点,"Center node"
94,边缘节点,"Edge node"
95,重新扫描,Rescan
96,GRE隧道,"GRE tunnel"
97,停止,Stop
98,虚拟线路,"Virtual wire"
99,通道配置,"Channel configuration"
100,策略自动演进,"Adaptive policy"
101,综合分析(按天),"Comprehensive analysis(by day)"
102,蜜罐,"Honey pot"
103,综合分析(按月),"Comprehensive analysis(by month)"
104,反向拍照,"Reverse photographing"
105,防扫描,Anti-scan
106,添加黑白名单,"Add blacklist and whitelist"
107,报表统计,"Report statistics"
108,管理员帐号,"Administrator's account"
109,系统配置,"System configuration"
110,系统维护,"System maintenance"
111,帮助支持,"Help and support"
112,高可用性,"High availability"
113,应急支持,"Emergency support"
115,攻击报表预览,"Attack report preview"
116,配置管理,"Configuration management"
117,基本参数设置,"Basic parameter setting"
118,站点组管理,"Site group management"
122,访问流量报表预览,"Access traffic report preview"
129,访问控制配置开关,"Access control configuration switch"
133,HA端口及参数配置,"HA port and parameter configuration"
134,通知配置,"Notice configuration"
135,规则升级,"Rule upgrading"
136,报警设置,"Alert setting"
137,ssh开关,"SSH switch"
140,系统升级,"System upgrading"
141,攻击报表,"Attack report"
142,访问流量报表,"Access traffic report"
143,即时报表,"Instant report"
144,报表管理,"Report management"
145,规则配置,"Rule configuration"
146,高级设置,"Advanced setting"
147,自学习,Self-learning
148,动态建模,"Dynamic modeling"
149,非法外联,"Illegal external connection"
150,DDOS防护,"DDOS prevention"
151,网页防篡改,"Web page defacement prevention"
152,内置规则,"Built-in rule"
153,自定义规则,"User defined rule"
154,规则模板设置,"Rule template setting"
155,访问控制,"Access control"
156,HTTP防溢出设置,"HTTP anti-overflow setting"
157,HTTP协议版本过滤,"HTTP protocol version filtering"
158,HTTP头字段设置,"HTTP header field setting"
159,文件扩展名过滤,"Filename extention filtering"
160,敏感词过滤设置,"Sensitive word filtering setting"
161,防盗链设置,"Anti hotlink setting"
162,爬虫防护设置,"Anti crawler setting"
163,防误报设置,"Anti false positive setting"
164,自学习设置,"Self-learning setting"
165,自学习访问白名单,"Self-learning access white list"
166,自学习结果,"Self-learning result"
167,非法外联检测,"Illegal external connection detection"
168,非法外联设置,"Illegal external connection setting"
169,智能阻断设置,"Intelligent blocking  setting"
170,DDOS防护设置,"DDOS prevention setting"
171,CC防护设置,"CC prevention setting"
172,可用性监测,"Availability monitoring"
173,漏洞扫描,"Vulnerability scanning"
174,返回页面设置,"Back to page setting"
175,上传,Upload
176,数据管理,"Data management"
177,组/用户,Group/user
178,数据管理模型,"Data management model"
179,系统,System
180,数据表,"Data sheet"
181,网络配置,"Network configuration"
182,账号管理,"Account management"
183,数据库,Database
184,路由配置,"Routing management"
185,对象定义,"Object definition"
186,登录配置,"Login configuration"
187,用户管理,"User management"
188,虚拟专网,VPN
189,流量管理,"Traffic management"
190,智能防护,"Intelligent protection"
191,"Action ID","Action ID"
192,Name,Name
193,Desc,Desc
194,ID,ID
196,时间,Time
199,排序,Order
200,显示,Display
202,Title,Title
212,Type,Type
218,IP类型,"IP type"
219,IP或IP段,"IP or IP segment"
220,类型,Type
221,状态,Status
222,Priority,Priority
223,Severity,Severity
230,Host,Host
231,Db,Db
232,User,User
233,Pwd,Pwd
234,"Task ID","Task ID"
235,"Parent ID","Parent ID"
236,Tb,Tb
237,"Tb Create","Tb Create"
238,Field,Field
239,"Field Global Var","Field Global Var"
240,"Field Attribute Label","Field Attribute Label"
241,"Field Attribute Labels Config","Field Attribute Labels Config"
242,"Field Rules","Field Rules"
243,"Field Search","Field Search"
244,"Field Search Box","Field Search Box"
245,"Field Table","Field Table"
246,"Field Edit","Field Edit"
247,"Field Data","Field Data"
248,"Is Use","Is Use"
249,Interface,Interface
250,Vhid,Vhid
251,Password,Password
252,State,State
253,Ip,Ip
254,"Database Ip","Database Ip"
255,"Database Port","Database Port"
256,"Is Setting","Is Setting"
257,"Server ID","Server ID"
258,"Offset ID","Offset ID"
259,"Had Sync","Had Sync"
260,Bridge,Bridge
261,"Is Port Aggregation","Is Port Aggregation"
262,"Database Sync Status","Database Sync Status"
272,Secname,Secname
277,报表名称,"Report name"
278,报表类型,"Report type"
279,报表说明,"Report introduction"
280,生成时间,"Generation time"
281,路径,Path
282,报表分类,"Report classification"
283,格式,Format
284,说明,Introduction
285,邮件通知,"Email notice"
286,文件格式,"File format"
289,Different,Different
293,"Redirect ID","Redirect ID"
294,描述,Description
295,链接,Link
296,用户名,Username
297,密码,Password
298,属组,"Affiliated group"
299,可用,Available
300,"Group ID","Group ID"
301,"Sys Menu ID","Sys Menu ID"
302,Enable,Enable
303,组别,Group
304,主键id,"Home key ID"
305,系统配置的键名,"Configured key name of system"
306,系统配置的键值,"Configured key value of system"
307,系统配置的描述,"Configured description of system"
323,"Country Code","Country Code"
330,Referer,Referer
333,Url,Url
339,Rulefile,Rulefile
341,Rev,Rev
343,Tag,Tag
344,Code,Code
345,Province,Province
346,Area,Area
347,"En Country","En Country"
348,"Cn Country","Cn Country"
349,Continent,Continent
354,绑定设备列表,"Binding device list"
358,IPV4地址,"IPV4 address"
359,IPV4掩码,"IPV4 mask"
360,IPV6地址,"IPV6 address"
361,IPV6掩码,"IPV6 mask"
364,登录,"Log in"
365,退出,"Log out"
366,验证码,"Verification code"
367,换一个,"Change another one"
368,关闭,Close
369,开始时间,"Start time"
370,结束时间,"End time"
371,旧密码,"Old password"
372,新密码,"New password"
373,提交,Submit
374,重置,Reset
375,刷新,Refresh
376,地址,Address
377,秒,Second
378,禁止,Disable
379,隐藏,Hide
380,是,Yes
382,新增,Add
383,跳到,"Skip to"
384,共,Total
385,记录,Record
386,页,Page
387,第一页,"The first page"
388,最后一页,"The last page"
389,下页,"The next page"
390,上页,"The previous page"
391,每页条数,"Number of items on each page"
392,操作,Action
393,升级,Upgrade
394,选择文件,"Select file"
395,文件类型,"File type"
396,文件不存在,"File absent"
397,必填项,"Required fields"
398,长度,Length
399,字节,Byte
400,反选,"Invert selection"
401,每天,"Every day"
402,每周,"Every week"
403,每月,"Every month"
404,还原,Restore
405,备注,Note
406,提示,Reminder
407,电子邮箱,E-mail
408,电话,Telephone
409,至,To
410,文件名,"File name"
411,高,High
412,低,Low
413,名称,Name
414,自定义,"User defined"
415,选择,Select
416,仅记录,"Only record"
417,允许访问,"Allow to access"
418,拒绝访问,"Access denied"
419,关闭链接,"Close link"
420,继续,Continue
421,目的,Destination
422,来源IP不合法,"Illegal source IP"
423,目标IP不合法,"Illegal target IP"
424,添加访问控制,"Add access control"
425,修改访问控制,"Modify access control"
426,来源IP防CC,"Source IP anti CC"
427,来源IP地址访问速率限制,"Access speed limit of source IP address"
428,阻止访问时间,"Blocking access time"
429,目的URI访问速率限制,"Access speed limit of target URI"
430,目的URI列表,"Target URI list"
431,特定URI防CC,"Specific URL anti CC"
432,次,Times
433,网络流量选择,"Network traffic selection"
434,推荐阈值,"Recommend threshold"
435,"系统根据选择的网络流量,推荐合理的阀值范围","The system will recommend reasonable threshold range according to selected network traffic."
436,总流量触发阀值,"Threshold of trigerring total traffic"
437,数据包/秒,"Data packet/s"
438,总流量阀值/单IP,"Total traffic threshold/single IP"
439,包触发阀值,"Threshold to trigger packet"
440,包阀值/单IP,"Packet threshold/single IP"
441,"SYN Flood触发阀值","Threshold to trigger SYN Flood"
442,"SYN Flood阀值/单IP","SYN Flood  threshold/single IP"
443,目标IP地址,"Target IP address"
444,配置文件导出,"Configure file export"
445,导出配置,"Export configuration"
447,恢复配置成功,"Successfully restore configuration"
448,配置已应用,"Configuration is applied"
449,生成配置成功,"Congiguration is generated successfully"
450,未知类型,"Unkown type"
451,配置已完成,"Configuration completed"
452,磁盘阀值,"Disk threshold"
453,选择一行数据,"Please select a row of data"
454,选择要删除的数据,"Please select the data to delete"
455,页面类型,"Page type"
456,页面文件,"Page file"
457,配置文字,"Configure text"
458,生效,"Take effect"
459,页面已存在,"Page exists"
460,文件上传失败,"Fail to upload file"
462,填写提示文字,"Fill in reminder text"
463,没有选择数据,"Have not selected data"
464,错误页面类型,"Error page type"
465,上传页面,"Upload page"
466,页面提示文字,"Reminder text of page"
467,文件扩展名称,"File extension name"
468,监控接口,"Monitoring interface"
469,优先级,Priority
470,限制从0到255,"Limit from 0 to 255"
471,数据库配置同步,"Database configuration synchronization"
472,对端,End-to-end
473,选中的接口没有设置IP地址,"The selected interface doesn't set up IP address."
474,文件类型将不会被盗链,"File type will not be compromised"
475,禁止的HTTP头字段设置,"Disabled HTTP header field setting"
476,HTTP头字段,"HTTP header field"
478,允许的HTTP协议版本设置,"Allowed HTTP protocol version setting"
479,HTTP协议版本,"HTTP protocol version"
480,危害等级,"Danger level"
481,攻击类型,"Attack type"
482,源IP地址,"Source IP address"
485,一般信息,"General information"
486,规则模板库更新失败,"Rule template base updating failed."
487,邮件报警,"E-mail alert"
488,短信报警,"SMS alert"
489,发送间隔,"Send interval"
490,"报警发送间隔,单位:小时","Alert sending interval, unit: hour"
491,通知设置,"Notification setting"
492,登录的帐号,"Login account"
493,登录的密码,"Login password"
494,发送端口,"Send port"
495,接收邮件的email,"Email received"
496,接收报警的手机号码,"Mobile Number to receive alert"
497,规则ID,"Rule ID"
498,目标主机,"Target host"
499,没有选择需要更新的数据,"Haven't selected data to update"
500,没有选择需要删除的数据,"Haven't selected data to delete"
501,转黑名单,"Transfer to blacklist"
502,转白名单,"Transfer to white list"
503,查询,Search
504,拦截,Block
505,放行,Pass
506,黑名单,"Black list"
507,白名单,"White list"
508,源,Source
509,目标,Target
510,目标端口,"Target port"
511,执行动作,"Executed action"
512,源端口,"Source port"
513,地理位置,"Geographical location"
514,未知,Unkown
515,"该名单已存在,不需要添加","The name list already exists, no need to add."
516,添加黑名单,"Add blacklist"
517,添加白名单,"Add white list"
518,检测端口,"Detect port"
519,"点击""生成技术支持包""按钮,将生成可下载的技术支持包文件","Click ""Generate technical support package"" to generate a downloadable Support Package file"
520,生成技术支持包,"Generate technical support package"
521,定时报表,"Regular report"
522,访问/流量报表,"Access/traffic report"
523,添加自定义规则,"Add user defined rule"
524,修改自定义规则,"Modify user defined rule"
525,规则模板名称,"Rule template name"
526,继承模板,"Inheritance template"
527,继承模板名称,"Inheritance template name"
528,模板类型,"Template type"
529,站点组模板,"Site group template"
530,站点模板,"Site template"
531,"选择了模板类型为站点模板,但没有选择所属站点组模板","Template type is selected as the site template, but the site template of group is not selected"
532,添加规则模板,"Add rule template"
533,修改规则模板,"Modify rule template"
534,模板名称,"Template name"
535,模板说明,"Template instruction"
536,所属站点组模板,"Affiliated site group template"
537,最大长度,"Max length"
538,参数名称最大长度,"Max length of parameter name"
539,参数最大长度,"Max length of parameter"
540,最大参数个数,"Max number of parameter"
541,最大个数,"Max number"
542,以上各项当填写数值为0时，则该项设置不生效,"If the above fields are filled in with 0, then the setting is invalid."
543,建议学习完毕后关闭,"It is suggested to close it after learning is finished."
544,是否应用学习结果,"Whether to apply learning results"
545,选择数据,"Select data"
546,选中数据为空,"Selected data is empty"
547,删除数据,"Delete data"
548,停用数据,"Disable data"
549,敏感词过滤,"Sensitive word filtering"
550,将对设置的敏感词以*号代替,"Use * to replace the set sensitive word"
551,"词与词之间用""|""隔开","Use ""|"" between words"
552,隐藏类型,"Hide type"
553,监控目标,"Monitoring target"
554,最近执行时间,"Latest execution time"
555,响应时间,"Response time"
556,无数据,"No data available"
557,系统错误,"System error"
558,正常,Normal
559,小时,Hour
560,分钟,Minute
561,查看报告,"Check report"
562,时间范围,"Time frame"
563,响应时间分布,"Response time distribution"
564,响应时间(毫秒),"Response time (millisecond)"
565,监控目标URL状态,"Monitor target URL status"
566,智能阻断,"Intelligent blocking"
567,定值300秒,"Set 300 seconds"
568,不少于10次(单位:次),"Not less than 10 times (Unit: times)"
569,基准阻断时间,"Benchmark blocking time"
570,不少于600秒(单位:秒),"Not less than 600 seconds (Unit: second)"
571,攻击时间,"Attack time"
572,阻断持续时间(单位:秒),"Blocking duration time(unit: second)"
573,将对该类爬虫实施防护,"Protected against crawler"
574,爬虫类型,"Crawler type"
575,公司名称,"Company name"
576,公司地址,"Company address"
577,许可证文件,"Licence file"
578,文件仅部分被上传,"Only part of file is uploaded"
579,只允许上传,"Only allow to upload"
580,格式的文件,"Format file"
581,IP+子网掩码,"IP + subnet mask"
582,IP或IP段已存在,"IP or IP segment exists"
583,"ip地址不合法,例:192.168.1.1","Illegal IP address, such as 192.168.1.1"
584,"ip和子网掩码不合法,例:192.168.1.0/24","Illegal IP and subnet mask, such as 192.168.1.0/24"
585,验证码错误,"Verification code error"
586,无此用户或禁止此用户登录,"This user doesnˇt exist or is banned from login."
587,此用户禁止登录,"This user is banned from login."
588,登录成功,"Login succeeded"
589,登录失败,"Login failed"
590,登录超时时间(分钟),"Login timeout(minute)"
591,登录尝试次数限制,"Limit login attempts"
592,登录错误锁定时间(分钟),"Login error lockout time (minutes)"
593,首页功能定制,"Home page function customization"
594,技术支持命令已发出,"Technical support order has been sent out."
595,升级成功,"Upgrade succeeded"
596,选择升级文件,"Select to upgrade file"
597,展开所有,"Open all"
598,闭合所有,"Close all"
599,是否删除此菜单,"Whether to delete this menu"
600,是否显示子菜单,"Whether to disply submenu"
601,访问路径,"Access path"
602,菜单名,"Menu name"
603,报告时间,"Report time"
604,上传时间,"Upload time"
605,站点URL,"Site URL"
606,文件分析结果-展示,"File analysis result - display"
607,删除的数据为空,"Deleted data is empty"
608,严重等级,"Serious level"
609,报告,Report
610,扫描,Scan
611,未扫描,"Not scan"
612,扫描中,"Is scanning"
613,扫描失败,"Scanning failed"
614,扫描地址,"Scanning address"
615,填写真实有效的扫描地址,"Fill in real and valid scanning address."
616,否则无法进行扫描,"Otherwise scanning cannot be performed."
617,扫描结果不存在,"Scanning results do not exist."
618,SSH开关设置,"SSH switch setting"
619,站点组,"Site group"
620,规则模板,"Rule template"
621,站点数量,"Number of sites"
622,"所选站点组中,有对应的站点,不能删除","Among selected site group, there is corresponding site, which cannot be deleted."
623,参数错误,"Parameter error"
624,保存失败,"Fail to save"
625,站点,Site
626,端口,Port
627,站点组名称,"Site group name"
628,策略模板,"Policy template"
629,单独策略模板,"Single policy template"
630,是否反向代理,"Whether to reverse proxy"
631,站点名错误,"Site name error"
632,端口错误,"Port error"
633,协议,Protocol
634,操作系统,"Operating system"
635,开发语言,"Development language"
636,更新时间,"Update time"
637,IP地址错误,"IP address error"
638,管道发送失败,"Channel sending failed"
639,添加站点组,"Add site group"
640,返回,Return
641,修改站点组,"Modify site group"
642,配置策略,"Configure policy"
643,站点策略规则优先级高于站点组策略规则,"Site policy rule priority is higher than site group policy rule."
644,根节点,"Root node"
645,所属站点,"Affiliated site"
646,地址及端口,"Address and port"
647,站点名称必须是IPV4地址或者是合法的域名,"Site name must be IPV4 address or legal domain name."
648,添加站点,"Add site"
649,修改站点,"Modify site"
650,规则,Rule
651,规则名称,"Rule name"
652,拦截方式,"Blocking way"
653,告警等级,"Alert level"
654,类别,Category
655,个规则集,"Rule set"
656,危害描述,"Danger description"
657,解决建议,"Solution suggestion"
658,网络超时,"Network timeout"
659,修改成功,"Successfully modified"
660,修改失败,"Modification failed"
661,操作成功,"Action succeeded"
662,更新失败,"Update failed"
663,删除失败,"Failed to delete"
664,已完成,Completed
665,已停止,Stopped
666,上传成功,"Upload successfully"
670,清除缓存,"Clear cache"
672,权限查看,"Privilege check"
673,授权信息,"Authorization information"
674,权限修改,"Privilege modification"
676,管理日志,"Management log"
677,系统日志,"System log"
678,编译器上传,"Compiler uploading"
681,日志配置,"Log config"
688,防火墙日志,"Firewall log"
689,入侵防御日志,"Intrusion prevention log"
690,安全策略,"Security policy"
691,web应用防护日志,"Web application protection log"
692,病毒防护日志,"Virus prevention log"
693,信息泄漏防护日志,"Information leakage prevention log"
694,DDOS防护日志,"DDOS prevention log"
695,应用管控日志,"Application management and control log"
696,url访问日志,"URL access log"
697,日志库,"Log library"
698,用户认证日志,"User authentication log"
699,网中网检测日志,"Subnet detection log"
700,IpsecVPN日志,"IpsecVPN log"
703,入侵防护,"Intrusion prevention"
705,清空,Clear
706,加入防误报,"Add anti false positive"
707,启动,Enable
708,入侵数量统计(当月),"Stastistics of intrusion quantity(current month)"
709,入侵类别统计(当月),"Stastistics of intrusion type(current month)"
710,产品信息,"Product information"
718,Bypass设置,"Bypass setting"
719,多语言,Multi-language
720,语言检测,"Language test"
721,导出语言包,"Export lanaguage package"
722,磁盘清理,"Disk clearing"
723,导入语言包,"Import lanaguage package"
724,语言KEY,"Language KEY"
725,检查翻译字符唯一,"Check uniqueness of translation character"
728,定期报表,"Regular report"
729,安全管理,"Security management"
730,HTTP请求动作过滤,"HTTP request action filtering"
731,HTTP请求内容过滤,"HTTP request content filtering"
732,服务器信息隐藏,"Server information hiding"
733,开启云防护,"Enable cloud protection"
734,测试菜单(不开放)日志,"Test menu(not open)log"
735,个人设置,"Personal setting"
736,开发人员使用,"For developers only"
737,菜单权限管理,"Menu privilege management"
738,获取单个权限信息,"Acquire single privilege information"
739,OCR拦截,"OCR blocking"
740,用户认证,"User authentication"
741,桥设备,"Bridge device"
742,防火墙,Firewall
743,透明代理,"Transparent proxy"
744,接入控制,"Access control"
745,反向代理,"Reverse proxy"
746,安全防护,"Security protection"
747,日志管理,"Log management"
748,日志任务,"Log task"
753,周期,Cycle
754,图片链接,"Image link"
783,桥设备名称,"Bridge device name"
786,桥的类型,"Bridge type"
787,确定,Confirm
788,取消,Cancel
789,确认新密码,"Conirm new password"
790,开启,Open
791,启用,Enable
792,全部记录,"All records"
793,所有,All
794,全选,"Select all"
795,全不选,"Select none"
796,日期,Date
797,日志,Log
798,紧急,Emergent
799,警报,Alert
800,严重,Serious
801,错误,Error
802,警告,Alert
803,确认密码不一致,"Conirmed password is inconsistent"
804,新密码不能为空,"New password must be filled"
805,KB/秒,KB/S
806,流量,Traffic
807,产品型号,"Product model"
808,系统版本,"System version"
809,规则版本,"Rule version"
810,产品序列号,"Product serial number"
811,引擎设置,"Engine setting"
812,默认拦截方式设置,"Setting of default blocking way"
813,"检测端口设置:指定要检测的端口,如有多个请用|隔开,不能以0开头.如","Detect port setting:Designate the port to be detected, if there are several, please use |to separate and don't begin with 0"
814,请在URL开始加上http://或https://,"Please add http://or https:// at URL"
815,清除菜单栏目,"Clear menu column"
816,清除所有缓存,"Clear all caches"
817,清除成功,"Clear successfully"
818,"启用后,来源IP地址的访问次数超过设定上限的.禁止该IP地址的任何后续访问","After being enabled, any subsequent access of the source IP address will be prohibited when access times of this IP address exceeds the limit"
819,请求次数上限,"Limit of request times"
820,"启用后,来源IP对目的URI的访问次数超过设定上限的.禁止该IP地址的任何后续访问","After being enabled, any subsequent access of the source IP address will be prohibited when access times of this IP address to target URI exceeds the limit"
821,"每行一条URI,可输入多行并确保uri正确. 例: /test.php（不用输入参数部分）","One URI for each line,and several lines can be input with URI right.For example:/test.php (there is no need to input parameter part.)"
822,"请填写 ""来源IP防CC"" 的相关参数","Please fill in relevant parameter about source IP against CC"
823,"请填写 ""特定URL防CC"" 的相关参数","Please fill in relevant parameter about specific URL against CC"
824,开启DDOS云防护,"Open DDOS cloud protection"
825,"其它TCP Flood触发阀值","Threshold to trigger other TCP Flood"
826,"其它TCP Flood阀值/单IP","Other TCP Flood threshold/single IP"
827,"禁止所有UDP协议的通信. (启用后所有使用UDP协议的通信将被禁止,包括使用UDP协议的DNS解释服务","Prohibit all UDP protocol's communication.(After being enabled, communication that uses UDP protocol will be prohibited, including DNS resolution service using UDP protocol)"
828,"禁止所有ICMP协议的通信. (启用后所有使用ICMP协议的通信将被禁止,包括使用ICMP协议的PING请求","Prohibit all ICMP protocol's communication.(After being enabled, communication that uses ICMP protocol will be prohibited, including PING request using ICMP protocol)"
829,"以上所有项请填写大于0的正整数,各项阀值建议不小于","For all the above spaces, please fill in positive integer greater than 0 and each threshold value is suggested to be not less than"
830,网络流量请填写1-1024以内的数值,"For network traffic, please fill in digit between 1 and 1024"
831,DDOS攻击,"DDOS attack"
832,恢复默认配置,"Restore default config"
833,"点击""恢复默认配置""按钮,恢复本设备默认配置","Click ""restore default config"" button to restore the default config of this device"
834,配置文件导入,"Config file import"
835,"选择备份文件,点击“导入配置”按钮恢复之前的配置","Select backup file, and click ""import config"" button to restore previous config"
836,导入配置,"Import config"
837,"点击""导出配置""按钮备份当前数据库配置","Click ""export config"" button to back up current database config"
838,"正在配置文件,请等待1-2分钟","It is configuring file, please wait 1 to 2 minutes…"
839,系统友情提示,"Kind notice of system"
840,"恢复默认配置后系统将重启,确认","After restoring default config, the system will be restarted to confirm"
841,正在配置文件，请等待1-2分钟...,"It is configuring file, please wait 1 to 2 minutes…"
842,恢复默认配置后系统将重启,"After restoring default config, the system will be restarted"
843,磁盘自动清理参数设置,"The disk will automatically clear parameter setting"
844,是否开启自动清理,"Whether to open automatic clearing"
845,超过设置百分比数值时将自动清除日志,"Log will be automatically cleared when it exceeds the set figure"
846,请先停用再修改,"Please disable first before modification"
847,无法获取上传文件信息,"Unable to acquire uploading file information"
848,确认文件可用,"Confirm the file to be available"
849,删除前先停用,"Disable first before deletion"
850,禁止请求的文件扩展名设置,"Disable setting of the requested file extension name"
851,请求的文件扩展名类型将被禁止,"The requested file extension name type will be prohibited"
852,VIP启用,"VIP enabled"
853,是否开启,"Whether to open"
854,桥接口,"Bridge interface"
855,允许HTTP请求内容,"Allow HTTP request content"
856,请求内容以外的将被拒绝,"What is beyond requested content will be rejected"
857,HTTP请求内容,"HTTP request content"
858,HTTP请求动作设置,"HTTP request action setting"
859,HTTP请求动作,"HTTP request action"
860,启用后,"After being enabled"
861,该HTTP请求动作将被允许,"This HTTP request action will be allowed"
862,请求的HTTP头字段将被禁止,"The requested HTTP header field will be prohibited"
863,以上所有项请填写大于0，小于2147483647的正整数,"For all the above spaces, please fill in positive integer greater than 0 but less than 2147483647"
864,请求的HTTP协议版本将被允许,"The requested HTTP protocol version will be allowed"
866,入侵日志,"Intrusion log"
867,匹配内容,"Matching content"
868,规则模板库找不到默认模板,"Default template can't be found in rule template library"
869,"所对应的站点不存在,请在""站点组管理""增加站点","The corresponding site doesn't exist, so please go to ""site group management"" to add"
870,开启入侵记录的E-mail功能,"Open the e-mail function of intrusion record"
871,开启入侵记录的短信报警功能,"Open SMS alert function of intrusion record"
872,发件人名称,"Sender's name"
873,发件人邮箱,"Sender's e-amil address"
874,"以该名称发送,格式为EMAIL(可以和发件人邮箱相同)","Send in this name and in EMAIL(it can be the same with sender's e-mail)"
875,发件人密码,"Sender's password"
876,SMTP服务器地址,"SMTP server address"
877,发送服务器,"Sending server"
878,SMTP服务器端口,"SMTP server port"
879,收件人邮箱,"Recipient's e-mail"
880,收件人手机号码,"Recipient's cell phone number"
881,"以上信息非常重要,请确保所填信息均无错误,否则无法发送/接收邮件、短信","All the above information is very important, and please ensure what you input is right, otherwise, it is unable to send/receive e-mamil and message"
882,是否启用,"Whether to enable"
884,精确查询,"Precise searching"
885,如,"Such as"
886,非法外联日志,"Illegal external connection log"
888,"提示:将根据当前的条件导出日志,最多导出最新的20000条记录","Tip: It will export log according to current condition and the latest 20000 records will be exported at most"
889,"指定要检测的端口,如有多个请用|隔开,不能以0开头. 如","Designate the port to be detected, and if there are several, please use |to separate and do not start with 0, for example"
890,"技术支持包是为了方便厂家排除系统故障的手段,当系统出现问题的时候,请生成技术支持包,并发送给我们","Technical support package is an approach to help manufacturer eliminate system fault. When system breaks down, please generate technical support package and send it to us"
891,正在压缩技术支持包文件，请等待1-2分钟,"It is compressing technical support package file, please wait 1 to 2 minutes"
892,"超出限制,请联系技术员解决","Beyond the limit, please contact technician to resolve"
893,站点组启用,"Site group enabled"
894,内容最大长度,"The max length of content"
895,启用自学习,"Enable self-learning"
896,启用访问白名单,"Enable access white list"
897,是否启用自学习,"Whether to enable self-learning"
898,是否启用访问白名单,"Whether to enable access white list"
899,启用数据,"Enable data"
900,敏感词内容,"Sensitive content"
901,隐藏服务器信息,"Hide server information"
902,监控频率,"Monitoring frequency"
903,"请填写真实有效的监控地址,否则无法进行扫描","Please write down real and effective monitoring address, otherwise, it is unable to scan"
904,定时监控频率,"Regular monitoring frequency"
905,"开启智能阻断(启用后,系统将根据设定条件,识别频繁攻击的来源IP地址,在一段时间内拒绝该IP地址的访问.)","After enabling intelligent blocking(after being enabled, the system will identify the source IP address that launches attack frequently according to set condition and reject access of this IP within a period )"
906,统计周期,"Statistical period"
907,入侵次数,"Intrusion times"
908,以上各项请按需求填写,"Please fill in the above spaces as required"
909,智能阻断日志,"Intelligently block log"
910,授权序列号,"Authorized serial number"
911,有效期,"Valid period"
912,选择有效期内的许可证文件,"Select license within valid period"
913,文件大小超出服务器空间大小,"File size exceeds server space"
914,文件大小超出浏览器限制,"File size exceeds browser limit"
915,服务器临时文件夹丢失,"Temporary folder of server is lost"
916,文件写入到临时文件夹出错,"Writing in file to temporary folder error"
917,请耐心等待授权认证,"Please be patient in waiting for authorization and authentication"
918,不启用黑白名单,"Do not enable blacklist and white list"
919,启用白名单,"Enable white list"
920,启用黑名单,"Enable blacklist"
921,IP区间,"IP range"
922,"ip区间不合法,例:192.168.1.1-192.168.255.254","IP range is illegal, for example:192.168.1.1-192.168.255.254"
924,"当前账号错误登录次数 %s,锁定剩余%s秒","Current account has failed to log in for %s, and %s later, it will be locked"
925,正常访问,"Normal access"
926,来自爬虫,"From crawler"
927,来自威胁,"From threat"
928,浏览数,"Page views"
929,访问人数,Visitors
930,页面数,"Number of ages"
931,文件数,"Number of files"
932,访问来源,"Access source"
933,实时流量,"Real-time traffic"
934,系统资源占用,"Occupation of system resources"
935,选择时间,"Select time"
936,实时监控,"Real-time monitoring"
937,历史数据查询,"Search historical data"
938,连接数,"Number of connections"
939,处理数,"Number of processing"
940,时间参数不正确,"Incorrect time parameter"
941,清空操作将对目前查询条件所列数据进行清空,"Clearing action will clear all the data under current searching condition"
942,清空后将不能恢复,"Data cannot be restored after being cleared"
943,不能没有清空条件,"Clearing condition must be contained"
944,异常文件上传日志,"Anomalous file uploading log"
945,任务名称,"Task name"
946,已有任务正在进行中,"There is task ongoing"
947,等待任务完成再添加新任务,"Waiting for task to be finished and then add new ones"
948,删除前先停止任务,"Stop task before deletion"
949,服务器数量,"Server number"
950,WEB服务器,"WEB server"
951,入库失败,"Storage failed"
952,写入失败,"Read-in failed"
953,IP地址、端口不能为空,"IP address and port must be filled"
954,添加服务器,"Add server"
955,输入名称,"Input name"
956,输入,Input
957,权限不足,"You have no such privilege"
958,请求失败,"Request failed"
959,确认要删除吗,"Do you confirm to delete it?"
960,必须输入大于0的整数,"You must input integer greater than 0"
961,请选择升级文件,"Please select file to be upgraded"
962,只能输入整数,"You can only input integer"
963,不能输入大于%s的整数,"You cannot input integer greater than %s"
964,不能输入小于%s的整数,"You cannot input integer less than %s"
965,只能输入%s~%s间的整数,"You can only input integer from %s to %s"
966,"只能输入数字,可为正负整数或正负浮点数","You can only input digit which can be positive/negative integer or positive/negative floating point"
967,不能输入大于%s的数字,"You cannot input digit greater than %s"
968,不能输入小于%s的数字,"You cannot input digit less than %s"
969,只能输入%s~%s间的数字,"You can only input digit from %s to %s"
970,"只能输入数字,可为正负整数或正负浮点数(双精度浮点型)","You can only input digit which can be positive/negative integer or positive/negative floating point(double float)"
971,email格式错误,"Email format error"
972,此项必填,"This item must be filled"
973,只能输入字符型数据,"You can only input data of character type"
974,输入字符数不能大于%s,"The number of characters you input cannot be greater than %s"
975,输入字符数不能小于%s,"The number of characters you input cannot be less than %s"
976,限制输入字符数为%s~%s,"It is limited to input number of characters from %s to %s"
977,此项必须唯一,"This item must be the only one"
978,URL地址错误,"URL address error"
979,CC攻击,"CC attack"
982,通用攻击,"Common attack"
983,信息泄漏,"Information leakage"
984,其他攻击,"Other attacks"
985,溢出攻击,"Overflow attack"
986,HTTP保护,"HTTP protection"
987,SQL注入,"SQL injection"
988,木马病毒,"Trojan virus"
990,跨站脚本,XSS
993,系统工具,"System tool"
994,WEB控制配置,"WEB control config"
995,SNMP,SNMP
996,网络测试,"Network test"
997,系统时间,"System time"
998,抓包工具,"Packet capturing tool"
999,组播路由转发,"Multicast route forwarding"
1000,网中网检测,"Subnet detection"
1025,"Modsec Status","Modsec Status"
1026,"Modsec Requestbody Access Switch","Modsec Requestbody Access Switch"
1028,蓝盾WEB应用防护系统,"Bluedon WAF"
1029,模式,Pattern
1030,默认动作,"Default action"
1031,继续处理,"Continue to process"
1032,WAF规则翻译,"WAF rule translation"
1033,WAF规则翻译导出,"WAF rule translation export"
1034,WAF规则翻译导入,"WAF rule translation import"
1035,创建语言库文件,"Create language library file"
1036,WAF引擎,"WAF engine"
1039,网络流量,"Network traffic"
1040,"TCP 包触发阀值","TCP packet triggering threshold"
1041,"TCP 包阀值/单IP","TCP packet threshold/single IP"
1042,"ACK Flood 数据包/秒","ACK Flood data packet/s"
1043,"ACK Flood 包阀值/单IP","ACK Flood packet threshold/single IP"
1044,"UDP 数据包/秒","UDP data packet/s"
1045,"UDP 包阀值/单IP","UDP packet threshold/single IP"
1046,"ICMP 数据包/秒","ICMP data packet/s"
1047,"ICMP 包阀值/单IP","ICMP packet threshold/single IP"
1048,"UDP 禁止","UDP disabled"
1049,"ICMP 禁止","ICMP disabled"
1050,HTTP请求内容名称,"HTTP request content name"
1051,HTTP请求内容状态,"HTTP request content state"
1052,HTTP请求动作名称,"HTTP request action name"
1053,启用选择,"Enable selection"
1054,HTTP协议版本名称,"HTTP protocol version name"
1055,HTTP协议版本状态,"HTTP protocol version state"
1057,Now,Now
1058,"Max Value","Max Value"
1059,Cycle,Cycle
1060,"Phone Cycle","Phone Cycle"
1061,设置名称,"Set name"
1062,设置值,"Set value"
1063,HTTP头字段名称,"HTTP header field name"
1064,HTTP头字段状态,"HTTP header field state"
1065,文件扩展状态,"File extension state"
1066,"Is Ssl","Is Ssl"
1067,"Ssl Path","Ssl Path"
1068,爬虫防护爬虫类型,"Crawler type prevention"
1069,防盗链文件类型,"Anti hotlink file type"
1072,"Is Selfstudy","Is Selfstudy"
1078,开启自动清理,"Enable automatic clearing"
1081,"URI 参数最大长度","Max length of URI parameter"
1082,"URI 最大参数个数","Max number of URI parameter"
1083,"COOKIE 最大长度","COOKIE max length"
1084,"COOKIE 参数名称最大长度","Max length of COOKIE parameter name"
1085,"COOKIE 内容最大长度","Max length of COOKIE content"
1086,"COOKIE 最大个数","Max number of COOKIE"
1087,"Is Ip Black","Is Ip Black"
1088,"Is Domain Black","Is Domain Black"
1089,确认密码,"Confirm password"
1090,源IP,"Source IP"
1091,目标IP,"Target IP"
1092,站点名称,"Site name"
1093,站点IP,"Site IP"
1094,站点端口,"Site port"
1095,站点组ID,"Site group ID"
1096,策略模板ID,"Policy template ID"
1097,自身策略模板ID,"Self policy template ID"
1098,24小时每小时最大流量模型,"Max traffic module per hour in 24 hours"
1099,24小时每小时单ip最大访问数,"Max visit of single IP per hour in 24 hours"
1100,24小时建模开始日期,"Start time of 24-hour modeling"
1101,建模的时间周期,"Time cycle of modeling"
1102,建模结束时间,"Time to end modeling"
1103,建模状态,"Modeling state"
1104,学习时间,"Time to learn"
1105,学习开始时间,"Time to start learning"
1106,学习结束时间,"Time to stop learning"
1107,动态建模备注,"Note for dynamic modeling"
1108,是否是反向代理,"Whether it is reverse proxy"
1109,DDOS攻击防护类型,"DDOS attack prevention type"
1110,负载均衡方式,"Load balance way"
1111,开启缓存,"Enable cache"
1112,启用健康检查,"Enbale health check"
1113,证书公钥,"Certificate public key"
1114,证书密钥,"Certificate secret key"
1115,反向代理说明,"Instruction of reverse proxy"
1116,IP地址,"IP address"
1117,创建时间,"Creation time"
1118,站点ID,"Site ID"
1119,权重,Weight
1120,Uri,Uri
1122,是否用于管理,"Whether it is used for management"
1123,是否允许ping,"Whether to allow ping"
1124,是否允许traceroute,"Whether to allow traceroute"
1125,是启用日志,"Whether to enable log"
1126,是否SSH,"Whether to SSH"
1127,是否WEBUI,"Whether to WEBUI"
1128,密码与确认密码不一致,"Password and confirmed password are inconsistent"
1129,密码必须包含字母和数字,"Password must contain letter and digit"
1130,成功,Succeed
1131,百分百,100%
1132,允许,Allow
1133,停用,Disable
1134,否,No
1135,月份,"Month of the year"
1136,天,Day
1137,未定义,Undefined
1138,序号,"Sequence number"
1139,次数,Times
1140,来源IP,"Source IP"
1141,比例,Proportion
1142,网址,Website
1143,关键字,"Key word"
1144,浏览器,Browser
1145,浏览,Browse
1146,自动,Automatic
1147,引擎参数错误,"Engine parameter error"
1148,拦截方式参数错误,"Blocking way parameter error"
1149,URL地址未填写,"URL address has not been input"
1150,选择任意URL，必须指定来源IP,"Select arbitrary URL and source IP must be specified"
1151,请填写来源IP,"Please fill in source IP"
1152,请填写目标IP,"Please fill in target IP"
1153,任意URL与指定URL选项错误,"Option error between arbitrary URL and specified URL"
1154,是否启用参数错误,"Whether to enable parameter error"
1155,选择某一行数据？,"Select data of one row?"
1156,选择启用的数据,"Select enabled data"
1157,是否启用数据,"Whether to enable data"
1158,选择停用的数据,"Select disabled data"
1159,是否停用数据,"Whether to diasble data"
1160,选择删除的数据,"Select deleted data"
1161,是否删除数据,"Whether to delete data"
1162,规则基本信息,"Basic infomration of rule"
1163,任意URL,"Arbitrary URL"
1164,指定URL,"Specified URL"
1165,例,Eg
1166,或,Or
1167,来源配置,"Source config"
1168,任意IP,"Arbitrary IP"
1169,指定IP,"Specified IP"
1170,单IP,"Single IP"
1171,IP段,"IP section"
1172,目标配置,"Target config"
1173,写入配置文件失败,"Writing in config file failed"
1174,开启BYPASS后，每对WAN/LAN接口在物理上直接连通，流量不经过设备，一般用于网络故障排除。,"After opening BYPASS, each pair of WAN/LAN interface will be connected physically, traffic will not pass through device and it is usually used to eliminate network breakdown"
1175,关闭BYPASS后，流量经过设备，恢复到正常状态。,"After closing BYPASS, traffic will pass through device and restore to normal state"
1176,请选择,"Please select"
1177,HTTP类型,"HTTP type"
1178,规则模块,"Rule module"
1179,优先级范围为%s,"Priority scope is %s"
1180,防溢出配置,"Anti overflow config"
1181,其它模式,"Other patterns"
1182,透明桥模式,"Transparent bridge pattern"
1183,反向代理模式,"Reverse proxy pattern"
1184,没有选择需要加入防误报的数据,"You haven't selected data that needs to add anti false positive"
1185,"操作成功, 共成功处理符合防误报条件的%d条日志, 失败的%d条","Action successfully, and %d logs that match conditions of false positive in total have been processed successfully and %d logs failed"
1186,选择加入防误报的数据,"Select add data of anti false positive"
1187,是否加入防误报,"Whether to add anti false positive"
1188,停用对应规则数据为空,"Disabled corresponding rule data isn't filled"
1189,是否停用对应规则,"Whether to diasble corresponding rule"
1190,报警配置,"Alert config"
1191,SMTP服务器地址无效,"SMTP server address is invalid"
1192,发件人名称非登录帐号,"Sender's name is not login account"
1193,启用停用的参数错误,"Enable the disabled parameter error"
1194,开启状态,"Open state"
1195,"url与url之间用""|""隔开","Use ""|""to separate URL"
1196,"扩展名与扩展名之间用""|""隔开","Use ""|""to separate extension name"
1197,拦截扩展名,"Block extension name"
1198,拦截词,"Blocking word"
1199,黑白名单,"Blacklist and white list"
1200,轮询,"Round Robin"
1201,IP哈希,"IP hash"
1202,非法外联配置,"Illegal external connection config"
1203,超出指定范围的将被禁止,"What is beyond specified scope will be prohibited"
1204,"访问云防线官方网站 http//www.cloudfence.cn --> 注册帐号-->填写正确的邮箱地址、密码等-->查收邮箱点击验证邮件完成注册。","Visit official website of CloudFence http//www.cloudfence.cn -->Register an account-->Write down correct email address and password-->Check email to find the verification mail and click it to complete registration"
1205,登录-->加入向导-->填写域名-->扫描出您添加域名的A记录-->点确定、回到服务返回用户界面-->等待管理员审核您添加的域名是否备案,"Log in-->Add guide-->Write down domain name-->Scan record A of the domain name you add-->Click confirm and return to user interface-->Wait for administrator to verify whether the domain name you add is put on record"
1206,审核通过-->查收邮件获取CNAME记录-->登录域名注册商后台更改CNAME-->等待更改生效。,"Verification passed-->Check email to acquire CNAME record-->Log in backstage of domain name registrar to change your CNAME-->Wait for your change to take effect"
1207,"审核不通过-->前往""工业和信息化部ICP/IP地址/域名信息备案管理系统""http//www.miitbeian.gov.cn申请备案。","Verification not passed-->Go to Ministry of Industry and Information ICP/IP address/Domain name information record management system ""http//www.miitbeian.gov.cn to apply for records"
1208,主机头名,"Host header name"
1209,主机头名不能为空,"Host header name must be filled"
1210,负载均衡方式不正确,"Load balance way is incorrect"
1211,是否开启缓存,"Whether to open cache"
1212,是否启用健康检测,"Whether to enable health examination"
1213,本地监听端口,"Local monitoring port"
1214,本地监控端口错误,"Local monitoring port error"
1215,协议错误,"Protocol error"
1216,"主机头名已存在,请先在站点组管理删除","Host header name already exists, and please delete it at site group management"
1217,代理IP及端口,"Proxy IP and port"
1218,代理IP及端口不能为空,"Proxy IP and port must be filled"
1219,代理IP错误,"Proxy IP error"
1220,代理端口错误,"Proxy port error"
1221,代理权重错误,"Proxy weight error"
1222,清除旧的代理IP及端口失败,"Clearing old proxy IP and port failed"
1223,设备名称,"Device name"
1224,IP地址/掩码,"IP address/mask"
1225,绑定接口列表,"Binding interface list"
1226,请填写IP地址或者请勿勾选WEBUI、SSH、允许PING、允许Traceroute,"Please write down IP address or don't select WEBUI, SSH, ALLOW PING, ALLOW Traceroute"
1227,所选网口数必须为两个以上(含两个),"The number of ports you select must exceed 2 (include 2)"
1229,IPV4格式错误,"IPV4 format error"
1230,掩码格式错误,"Mask format error"
1231,请输入正确的IP地址,"Please input correct IP address"
1232,IPV6格式错误,"IPV6 format error"
1233,权重值范围1-10，值越大，权重越大,"Weight value scope is 1 to 10, the bigger the value, the greater the weight"
1234,IP地址、端口、权重不能为空,"IP address, port and weight must be filled"
1235,桥接口名称,"Bridge interface name"
1236,可选绑定设备列表,"Optional binding device list"
1237,多个IP请分行填写,"Please write down several IP in separate lines"
1238,继承模板ID,"Inherit template ID"
1239,"数值越小,优先级越大","The smaller the value, the higher the priority"
1240,HTTP请求类型,"HTTP request type"
1241,特征生成,"Feature generation"
1242,匹配算法,"Matching algorithm"
1243,字符串匹配,"Charatcer string matching"
1244,正则表达式匹配,"Regular expression matching"
1245,特征关键字,"Feature key words"
1246,温馨提示,"Kind tips"
1247,"请确保您所填写的内容正确,否则该规则可能无法执行","Please ensure that what you input is correct, otherwise, the rule might not be executed"
1248,以上,Above
1249,谷歌爬虫,"Google crawler"
1250,百度爬虫,"Baidu crawler"
1251,雅虎爬虫,"Yahoo crawler"
1252,新浪爬虫,"Sina crawler"
1253,网易爬虫,"Netease crawler"
1254,MSN爬虫,"MSN crawler"
1255,必应爬虫,"Bing crawler"
1256,SOSO爬虫,"SOSO crawler"
1257,360爬虫,"360 crawler"
1258,即刻爬虫,"Jike crawler"
1259,东方网景,East.net
1260,热土爬虫,"Hot crawler"
1261,华为赛门铁克,"Huawei Symantec"
1262,英国爬虫,"British crawler"
1263,俄罗斯爬虫,"Russian crawler"
1264,韩国爬虫,"South Korean crawler"
1265,日本爬虫,"Japanese crawler"
1266,其它爬虫,"Other crawler"
1267,"用户名或者密码错误,剩余 %s 次登录机会","Username or password is wrong, and you have %s of login left"
1268,完成时间,"Completion time"
1269,所属站点组,"Affiliated site group"
1270,修改服务器,"Modify server"
1271,规则模板ID,"Rule template ID"
1272,"所选站点中,有反向代理站点,不能删除","Among selected site, there is reverse proxy site, which cannot be deleted"
1273,删除数据失败,"Deleting data failed"
1274,提交的数据不能空,"Submitted data cannot be empty"
1275,IP地址及端口,"IP address and port"
1276,选择年月,"Select year and month"
1277,选择年月日,"Select year, month and day"
1278,输出格式,"Export format"
1279,报表已生成，请点击相关链接进行下载,"Report is generated and please click relevant link to download"
1280,时间(时),Time(hour)
1281,事件次数,"Event times"
1282,URL/IP地址,"URL/IP address"
1283,无效参数,"Invalid parameter"
1284,报告已生成,"Report is generated"
1285,蓝盾WEB应用防护系统攻击报表,"Bluedon WAF attack report"
1286,蓝盾WEB应用防护系统访问报表,"Bluedon WAF access report"
1287,统计时间段,"Statistical time period"
1288,报表生成时间,"Generated time of report"
1289,管理接口地址,"Manage interface address"
1290,报表内容:入侵记录统计,"Report content:Intrusion record statistics"
1291,入侵数量统计图--总数,"Statistical graph of intrusion quantity-- aggregate"
1292,入侵趋势图,"Intrusion trend graph"
1293,入侵趋势图(24小时时间段),"Intrusion trend graph(24 hours)"
1294,入侵类别统计图,"Statistical graph of intrusion type"
1295,入侵类别对比图,"Comparison graph of intrusion type"
1296,入侵数量统计,"Statistics of intrusion quantity"
1297,入侵趋势,"Intrusion trend"
1298,入侵类别统计,"Statistics of intrusion type"
1299,入侵类别对比,"Comparison of intrusion type"
1300,入侵类来源地址统计,"Statistics of intrusion source address"
1301,攻击事件的入侵类来源统计,"Statistics of intrusion source of attack event"
1302,入侵类来源的攻击事件统计,"Statistics of attack event of intrusion source type"
1303,攻击类型按被攻击主机统计,"Statistics of attack type based on attacked host"
1304,被攻击主机的攻击类型统计,"Statistics of attack type of attacked host"
1305,攻击类型按被攻击URL的统计,"Statistics of attack type based on attacked URL"
1306,被攻击URL的攻击类型统计,"Statistics of attack type of attacked URL"
1307,被攻击主机统计,"Statistics of attacked host"
1308,被攻击URL统计,"Statistics of attacked URL"
1309,被攻击URL统计(含参数),"Statistics of attacked URL(contain parameter)"
1310,"生成即时报表(查看HTML报表时建议使用的浏览器: IE10或以上/火狐/谷)","Generate real-time report(In checking HTML report, it is suggested to use such browser as IE10 or higher version/Firefox/Chrome)"
1311,报表日期,"Report date"
1312,下载报表,"Download report"
1313,预览报表,"Preview report"
1314,生成报表,"Generate report"
1315,报表生成中，请稍后...,"It is generating report, please wait…"
1316,HTML格式,"HTML format"
1317,PDF格式,"PDF format"
1318,DOC格式,"DOC format"
1319,请输入正整数,"Please input positive integer"
1320,请按需求填写,"Please fill in as required"
1321,请选择查询日期,"Please select searching date"
1322,防护网站,"Protection website"
1323,安全统计分析,"Analysis of security statistics"
1324,用户在您网站停留的时间,"Time duration that user stay on your website"
1325,爬虫分析,"Crawler analysis"
1326,爬虫,Crawler
1327,网站流量(按天),"Website traffic(by day)"
1328,网络接口,"Network interface"
1329,接收数据包,"Receive data packet"
1330,发送数据包,"Send data packet"
1331,接收字节,"Receive byte"
1332,发送字节,"Send byte"
1333,接收的错误包,"Received wrong packet"
1334,发送的错误包,"Sent wrong packet"
1335,接收丢失,"Receive lost"
1336,发送丢失,"Send lost"
1337,网站入口页面访问次数,"Visit times of webiste entry page"
1338,网站出口页面访问次数,"Visit times of webiste exit page"
1339,被访页面,"Accessed page"
1340,页面访问排名,"Rank of accessed page"
1341,错误码排名,"Error code ranking"
1342,错误码,"Error code"
1343,搜索引擎,"Search engine"
1344,搜索关键字,"Search key words"
1345,从搜索引擎进入我的网站,"Access to my website from search engine"
1346,从别的网站进入我的网站,"Access to my website from other websites"
1347,用户都用什么样的操作系统？,"What OS is user using?"
1348,用户都用什么样的浏览器？,"What browser is user using?"
1349,用户停留时间,"Stay time of user"
1350,总PV,"Total PV"
1351,访问次数,"Visit times"
1352,流量数,"Number of traffic"
1353,半双工,Half-duplex
1354,全双工,"Full duplex"
1355,已连接,Connected
1356,未连接,"Not connected"
1357,输入ID,"Input ID"
1358,规则说明,"Rule instruction"
1359,添加成功,"Add successfully"
1360,上传失败,"Uploading failed"
1364,中危,"Mideum risk"
1365,低危,"Low risk"
1366,高危,"High risk"
1367,启用状态,"Enabled state"
1368,HTTP数据类型,"HTTP data type"
1369,提示类型,"Tip type"
1370,自定义文件,"User-defined file"
1371,生效状态,"State of taking effect"
1374,策略内容,"Policy content"
1375,站点组启用状态,"Enabled state of site group"
1376,攻击类别,"Attack type"
1377,危害级别,Severity
1378,扫描状态,"Scanning state"
1379,扫描结果,"Scanning result"
1380,敏感词过滤开启状态,"Enabling state of sensitive word filtering"
1381,智能阻断状态,"State of interlligent blocking"
1382,Bypass启用状态,"Enbaled state of Bypass"
1383,监控目标URL,"Monitor target URL"
1384,Protype,Protype
1385,Freq,Freq
1386,系统默认语言,"System's default language"
1387,防火墙角色,"Firewall role"
1388,AuditLogUniqueID,AuditLogUniqueID
1389,UserAgent,UserAgent
1390,HTTP请求方式,"HTTP request way"
1391,请求类型,"Request type"
1392,响应类型,"Response type"
1393,请求状态码,"Request status code"
1394,GeneralMsg,GeneralMsg
1395,规则文件,"Rule file"
1396,总数,Aggregate
1397,默认值,"Default value"
1398,范围,Scope
1399,模式来源,"Pattern source"
1400,规则模板库找不到模板,"Template cannot be found in rule template library"
1401,不能删除正在使用的模板,"The template that is being used cannot be deleted"
1402,操作失败,"Action failed"
1403,重启关机,"Shutdown and restart"
1404,Symbol,Symbol
1405,"Field Desc","Field Desc"
1406,Json,Json
1407,版本类型,Version
1408,联系电话,Contact
1409,阻断,Block
1410,防护的url,"Protected URL"
1411,最大文件大小,"Max file size"
1412,阻断持续时间,"Block extension time"
1413,DestinationIP,DestinationIP
1416,RequestContentType,RequestContentType
1417,ResponseContentType,ResponseContentType
1418,HttpStatusCode,HttpStatusCode
1420,是否病毒,"Whether it is virus"
1421,检查结果,"Result of check"
1422,Number,Number
1423,用户名只能包含数字加字母组合,"The username must only contain digits and letters"
1424,"重新扫描将会清除原来的任务数据,确定要继续么","Rescan will clear the original task data. Are you sure to continue?"
1425,欢迎您,Welcome
1426,检测登录状态,"Check the login status"
1427,syslog服务器,"syslog server"
1428,邮件测试,"Email testing"
1429,日志入库归档,"Logs archive"
1430,初始化,Initialize
1431,waf账号同步,"WAF account sync"
1432,启用网关邮件功能,"Enable gateway Email"
1434,配置项名称,"Configuration item name"
1435,配置项值,"Configuration item value"
1436,接口命令,"Interface command"
1437,导入,Import
1438,启用手机报警功能,"Enable phone alert"
1439,登录超时,"Login timeout"
1440,系统主页,"System homepage"
1441,超级管理员,"Super admin"
1442,系统管理员,"System admin"
1443,安全管理员,"Security admin"
1444,安全审计员,"Security auditor"
1445,通知,Notification
1446,信息,Information
1447,调试,Debug
1448,DDOS日志,"DDOS log"
1449,CC日志,"CC log"
1450,智能上传文件日志,"Intelligent file log upload"
1451,同级账号管理,"Account management"
1452,更新状态,"Update status"
1453,规则复制,"Rule copy"
1454,预设规则模板,"Preset rule template"
1455,自定义规则模板,"Customized rule template"
1456,IP过滤设置,"IP filtering config"
1457,智能木马检测,"Intelligent malware detection"
1458,"禁止请求的文件扩展名设置 (启用后,请求的文件扩展名类型将被禁止)","Disable requested file suffix （Requested types of file suffix will be disabled after enabling this function. ）"
1463,策略名,"Policy name"
1464,目标Url,"Target URL"
1466,单用户登录客户端数限制,"Single user login limits"
1467,"User Agent","User Agent"
1469,"Http Protocol","Http Protocol"
1470,"Rule ID","Rule ID"
1471,下载路径,"Download location"
1472,上传文件ID,"Uploaded file ID"
1473,检测结果,"Detection result"
1474,复制,Copy
1475,是否启用规则,"Enable rule"
1476,是否停用规则,"Disable rule"
1480,"清空操作将对目前所有数据进行清空,清空后将不能恢复,确认","It will clear all the data which can not be restored. Continue?"
1481,"未分类站点,不能删除","Unclassified site can not be deleted"
1482,主机头名必须是IPV4地址或者是合法的域名,"Hostname should be IPV4 or valid domain name"
1483,"允许IP,IP段,IP+掩码等方式,其中IP段格式为: ip-ip ,如(192.168.1.1-192.168.4.254),IP+掩码方式为: ip/掩码 ,如(192.168.1.0/24)","The format of IP, IP segment, or IP+mask are allowed. The format of IP segment is: ip-ip, e.g. 192.168.1.1-192.168.4.254; the format of IP + Mask is: IP/Mask, e.g.192.168.1.0/24"
1484,预设模板,"Preset template"
1485,当前启用,Enable
1486,"提示:预设规则模板,只能被启用其中一个. 当选择""严格""模板,有可能出现多报的情况,当选择""宽松""模板,有可能漏报情况.","Notes: Only one of the preset rule templates can be enabled. Selecting ""Strict"" template may cause redundant report, while selecting ""Tolerant"" template may cause false negative."
1487,没有选择需要重置的模板,"No template is selected for reset"
1488,请选择需要重置的规则模板,"Please select rule template which needs to be reset"
1489,确认需要重置选择的规则模板吗,"Confirm to reset the selected template?"
1490,"当选择模板类型为站点组模板,此选项不生效","This item does not take effect when the template of site group is selected."
1491,上行,Uplink
1492,下行,Downlink
1493,内存,Memory
1494,磁盘,Disk
1495,当前预设规则模板名称,"Current preset rule template name"
1496,不允许上传,"Upload is not allowed"
1497,关键字告警,"Keyword alert"
1498,不支持选择超过两个设备,"Can not select more than two devices"
1499,"共 {total} 条记录, 每页显示 {pagesize} 条","Total {total},  Display {pagesize} per page"
1500,不能上传大于%sM的文件,"Files can not be larger than %sM"
1501,根据条件清空数据,"Clear data as required"
1502,重置模板,"Reset template"
1503,公共接口,"Common interface"
1504,获取网口信息,"Acquire port information"
1506,站点管理,"Site management"
1507,站点服务,"Site service"
1508,测试,Test
1509,系统配置列表,"System config list"
1510,更新黑白名单,"Update black and white lists"
1511,版本号,Version
1512,项目版本号,"Project version"
1513,上一版本号,"Previous version"
1514,端口/协议,Port/protocol
1515,站点分组,"Site grouping"
1516,上传文件名,"Upload filename"
1517,上传类型,"Upload type"
1518,上传用户,"Upload user"
1519,升级说明,"Upgrade description"
1520,升级结果,"Upgraded results"
1521,"蓝盾信息安全技术股份有限公司 版权所有 Copyright&copy;1998-%s Bluedon. All Rights Reserved","Bluedon Information Security Technologies Co., Ltd All rights reserved"
1522,根据搜索条件清空数据,"Clear data according to search terms"
1523,清空搜索条件,"Clear search terms"
1524,无,None
1525,中,Middle
1526,此处留空表示支持任意,"This empty field can be filled freely"
1527,文件扩展名列表管理,"Filename extension list management"
1528,机器学习引擎,"Machine learning engine"
1529,智能木马配置,"Intelligent Trojan config"
1530,"使用""|""隔开","Separate by ""|"""
1531,拦截的文件后缀名,"Intercepted file suffix"
1532,最大文件分析,"Max file analysis"
1533,"IP防护功能,只适合于部署为""透明桥接""模式才有效","IP protection only functions in transparent bridge pattern"
1534,"不使用IP防护功能,则对所有请求都防护; 使用IP防护功能,即仅防护源IP或目标IP符合设置的请求","All requests will be protected when IP protection is disabled; Only requests of source IP or target IP that comply with setup will be protected when IP protection is enabled"
1535,防护IP/IP段,"Protected IP/IP segment"
1536,"防护IP/IP段之间用""|""隔开, 例: 192.168.2.1或者192.168.2.1-192.168.2.254","Separate protected IP/IP segment by ""|"", such as: 192.168.2.1 or 192.168.2.1-192.168.2.254"
1537,访问/流量报表不支持生成每周报表,"Access/traffic reports cannot be generated weekly"
1538,"允许IP,IP段,IP+掩码等方式,其中IP段格式为: ip-ip ,如(192.168.1.1-254),IP+掩码方式为: ip/掩码 ,如(192.168.1.0/24)","Such formats as IP, IP segment and IP+ mask are allowed. The format of ip segment is ip-ip, like (192.168.1.1-254) and IP + mask is ip/mask, like (192.168.1.0/24)"
1539,接入控制配置开关,"Access control switch"
1540,点击启用按钮后需要选择黑/白名单模式才生效,"It will only take effect by selecting black/white lists after clicking enable"
1541,操作者,Operator
1542,升级中,Upgrading
1543,升级失败,"Failed to upgrade"
1544,升级文件包错误,"Upgraded file packet error"
1545,版本号错误,"Version number error"
1546,版本已升级过,"Version has been upgraded"
1547,当前版本信息错误,"Current version information error"
1548,升级版本错误,"Upgraded version error"
1549,规则版本升级,"Rule version upgrade"
1550,处理方式,"Process way"
1551,后缀,Suffix
1552,病毒,Virus
1553,引擎,Engine
1554,绑定桥必须是一个外网口与一个内网口,"Bridge must be bound with an external port and an internal port"
1555,站点扫描,"Site scan"
1556,修改密码,"Change password"
1557,安全配置,"Security configuration"
1558,应用安全,"Application security"
1559,WAF引擎设置,"WAF engine setting"
1560,wafEngine,wafEngine
1561,defaultInterceptModeSetting,defaultInterceptModeSetting
1562,interceptionMode,interceptionMode
1563,"检测端口设置:指定要检测的端口,如有多个请用|隔开,不能以0开头.如:80|8080","Detect port setting: Designate the port to detect, if there are several, please use | to separate and the first digit can't be 0. For example: 80|8080"
1564,checkPort,checkPort
1565,deploymentMode,deploymentMode
1566,sourceIpDefendCc,sourceIpDefendCc
1567,givenUriDefendCc,givenUriDefendCc
1568,dDosDefendConfig,dDosDefendConfig
1569,engine,engine
1570,fileSuffixName,fileSuffixName
1571,maximumFileAnalysis,maximumFileAnalysis
1572,updateTime,updateTime
1573,ipFilterFitTips,ipFilterFitTips
1574,ipFilterOrInterval,ipFilterOrInterval
1575,alertConfig,alertConfig
1576,mailAlert,mailAlert
1577,smsAlert,smsAlert
1578,sendInterval,sendInterval
1579,notificationConfig,notificationConfig
1580,enableGatewayEmailFunction,enableGatewayEmailFunction
1581,enablePhoneAlertFunction,enablePhoneAlertFunction
1582,addressorEmail,addressorEmail
1583,addressor,addressor
1584,addressorPwd,addressorPwd
1585,smtpServerAddr,smtpServerAddr
1586,smtpServerPort,smtpServerPort
1587,addresseeEmail,addresseeEmail
1588,addresseePhone,addresseePhone
1589,openState,openState
1590,interceptExtensionName,interceptExtensionName
1591,extensionName,extensionName
1592,必须包含英文字母,"Must contain English letters"
1593,必须包含数字,"Must contain digit"
1594,必须包含特殊字符,"Must contain special characters"
1595,第一次登入必须修改密码,"Change password on first login"
1596,密码最长使用天数,"Maximum password age"
1597,密码最小长度(字符),"Minimum password length(character)"
1598,预设策略,"Preset policy"
1599,selfStudyResult,selfStudyResult
1600,URI最大长度,"Maximum URI length"
1601,URI参数名称最大长度,"Maximum URI parameter name length"
1602,sshSwitchConfig,sshSwitchConfig
1603,"<span class=""red"">*</span>代理IP及端口:(权重值范围1-10，值越大，权重越大)","<span class=""red"">*</span>Proxy IP and port: weight value ranges from 1 to 10, the bigger the value, the greater the weight"
1604,部署方式,"Deployment mode"
1605,回退,Backspace
1606,初始化升级数据失败,"Failed to initialize upgraded data"
1607,升级状态错误,"Upgrading status error"
1608,密码错误,"Password error"
1609,"用户并未执行系统升级,不能进行还原操作","Restoration is not allowed as user doesn't upgrade system"
1610,无版本升级记录,"No version upgrade record available"
1611,还原文件错误,"Restoring file error"
1612,回退成功,Backspaced
1613,异常终止,"Abnormal termination"
1614,升级正在进行,Upgrading
1615,设备依赖性检查失败,"Failed to check device dependency"
1616,升级dpdk失败,"Failed to upgrade dpdk"
1617,"升级dpdk warper失败","Failed to upgrade dpdk warper"
1618,升级策略自动演进失败,"Failed to upgrade automatic policy evolution"
1619,升级IPS失败,"Failed to upgrade IPS"
1620,升级web应用防护失败,"Failed to upgrade web application protection"
1621,升级防扫描、反拍照失败,"Failed to upgrade anti-scanning and anti-photoing"
1622,升级用户认证失败,"Failed to upgrade user authentication"
1623,升级PHP失败,"Failed to upgrade PHP"
1624,升级python失败,"Failed to upgrade python"
1625,升级数据库失败,"Failed to upgrade database"
1626,dpdk缺失,"Dpdk missing"
1627,"dpdk warper升级包缺失","Dpdk warper upgrading package missing"
1628,防扫描升级包缺失,"Anti-scanning upgrading package missing"
1629,python升级包缺失,"Python upgrading package missing"
1630,python配置文件缺失,"Python configuration file missing"
1631,"安装python pyinotify模块失败","Failed to install python pyinotify module"
1632,"安装python ipy模块失败","Failed to install python ipy module"
1633,"安装python jinja模块失败","Failed to install python jinja module"
1634,"安装python markupsafe模块失败","Failed to install python markupsafe module"
1635,"安装python mysqlpython模块失败","Failed to install python mysqlpython module"
1636,"安装python netaddr模块失败","Failed to install python netaddr module"
1637,"安装python psutil模块失败","Failed to install python psutil module"
1638,找不到升级包,"Failed to locate upgrading package"
1639,升级包md5校验失败,"Failed to verify upgrading package md5"
1640,升级包解密失败,"Failed to decode upgrading package"
1641,无法解压升级包,"Unable to decompress upgrading package"
1642,升级密码,"Upgrade password"
1643,系统还原,"System restore"
1644,还原密码,"Restore password"
1645,还原至升级前的系统,"Restore to previous version"
1646,升级记录,"Upgrading record"
1647,"升级之前确保已经备份数据,升级过程中将不允许做任何操作","Please ensure data has been backed up before upgrade during which no operation is allowed"
1648,是否确定进行系统还原操作,"Do you want to restore system?"
1649,还原失败,"Restoration failed"
1650,"系统升级中,请勿进行任何操作","The system is upgrading, please wait until it is finished"
1651,"升级即将完成,系统即将重启","Upgrade is about to finish, the system will restart soon"
1652,"升级失败,即将退出系统","Upgrade failed, you will log out soon"
1653,"系统恢复中,请勿进行任何操作","The system is restoring, please wait until it is finished"
1654,"恢复即将完成,系统即将重启","Restoration is about to finish, the system will restart soon"
1655,"还原失败,即将退出系统","Restoration failed, you will log out soon"
1656,没有上一版本系统还原数据,"No restoration record of previous version available"
1657,登录密码安全策略,"Login password security policy"
1658,数据为空,"No data"
1659,旧密码错误,"Old password error"
1660,"""0""天表示不限制","""0"" day means unlimited"
