id,中文,zh-CN
1,更新,更新
2,缓存管理,缓存管理
3,添加,添加
4,系统监控,系统监控
5,查看,查看
6,信息概况,信息概况
7,网络流量监控,网络流量监控
8,设备负载监控,设备负载监控
9,删除,删除
10,WEB应用监控,WEB应用监控
12,修改,修改
15,上传文件,上传文件
19,编辑,编辑
22,安装库,安装库
23,搜索,搜索
24,配置表,配置表
25,网口配置,网口配置
26,端口镜像,端口镜像
28,虚拟线,虚拟线
30,拨号设备,拨号设备
31,端口聚合,端口聚合
32,VLAN设备,VLAN设备
33,DHCP,DHCP
34,DNS设置,DNS设置
35,IPV6隧道配置,IPV6隧道配置
36,NAT64配置,NAT64配置
37,ECMP,ECMP
38,静态路由,静态路由
39,WEB站点流量,WEB站点流量
40,策略路由,策略路由
41,"新建连接数 与 处理事务数","新建连接数 与 处理事务数"
42,ISP路由,ISP路由
43,并发连接数,并发连接数
44,动态路由,动态路由
45,IP/IP组,IP/IP组
46,ISP地址,ISP地址
47,服务/组,服务/组
48,URL类型组,URL类型组
49,文件类型组,文件类型组
50,时间计划,时间计划
51,自定义IPS规则库,自定义IPS规则库
52,WEB应用防护规则库,WEB应用防护规则库
53,NAT,NAT
54,连接数控制,连接数控制
55,DOS/DDOS防护,DOS/DDOS防护
56,会话管理,会话管理
57,会话控制,会话控制
58,连接排行榜,连接排行榜
59,会话状态,会话状态
60,IP-MAC绑定配置,IP-MAC绑定配置
61,联动,联动
62,URL过滤,URL过滤
63,URL过滤策略,URL过滤策略
64,URL黑名单,URL黑名单
65,URL白名单,URL白名单
66,配置,配置
67,web应用防护,web应用防护
68,病毒防护,病毒防护
69,更新2,更新2
70,基本配置,基本配置
71,防病毒策略设置,防病毒策略设置
72,信息泄漏防护,信息泄漏防护
73,关键词过滤,关键词过滤
75,文件过滤,文件过滤
76,标题,标题
78,"SSL VPN","SSL VPN"
79,服务管理,服务管理
80,用户配置,用户配置
81,"IPSEC VPN","IPSEC VPN"
82,本地子网,本地子网
83,分支对接,分支对接
84,IPSEC监控管理,IPSEC监控管理
85,"L2TP VPN","L2TP VPN"
86,下载,下载
87,监控管理,监控管理
88,首页定制保存,首页定制保存
89,虚拟池IP,虚拟池IP
90,导出,导出
91,"NAT 穿越","NAT 穿越"
92,网站访问分析(当月),网站访问分析(当月)
93,中心节点,中心节点
94,边缘节点,边缘节点
95,重新扫描,重新扫描
96,GRE隧道,GRE隧道
97,停止,停止
98,虚拟线路,虚拟线路
99,通道配置,通道配置
100,策略自动演进,策略自动演进
101,综合分析(按天),综合分析(按天)
102,蜜罐,蜜罐
103,综合分析(按月),综合分析(按月)
104,反向拍照,反向拍照
105,防扫描,防扫描
106,添加黑白名单,添加黑白名单
107,报表统计,报表统计
108,管理员帐号,管理员帐号
109,系统配置,系统配置
110,系统维护,系统维护
111,帮助支持,帮助支持
112,高可用性,高可用性
113,应急支持,应急支持
115,攻击报表预览,攻击报表预览
116,配置管理,配置管理
117,基本参数设置,基本参数设置
118,站点组管理,站点组管理
122,访问流量报表预览,访问流量报表预览
129,访问控制配置开关,访问控制配置开关
133,HA端口及参数配置,HA端口及参数配置
134,通知配置,通知配置
135,规则升级,规则升级
136,报警设置,报警设置
137,ssh开关,ssh开关
140,系统升级,系统升级
141,攻击报表,攻击报表
142,访问流量报表,访问流量报表
143,即时报表,即时报表
144,报表管理,报表管理
145,规则配置,规则配置
146,高级设置,高级设置
147,自学习,自学习
148,动态建模,动态建模
149,非法外联,非法外联
150,DDOS防护,DDOS防护
151,网页防篡改,网页防篡改
152,内置规则,内置规则
153,自定义规则,自定义规则
154,规则模板设置,规则模板设置
155,访问控制,访问控制
156,HTTP防溢出设置,HTTP防溢出设置
157,HTTP协议版本过滤,HTTP协议版本过滤
158,HTTP头字段设置,HTTP头字段设置
159,文件扩展名过滤,文件扩展名过滤
160,敏感词过滤设置,敏感词过滤设置
161,防盗链设置,防盗链设置
162,爬虫防护设置,爬虫防护设置
163,防误报设置,防误报设置
164,自学习设置,自学习设置
165,自学习访问白名单,自学习访问白名单
166,自学习结果,自学习结果
167,非法外联检测,非法外联检测
168,非法外联设置,非法外联设置
169,智能阻断设置,智能阻断设置
170,DDOS防护设置,DDOS防护设置
171,CC防护设置,CC防护设置
172,可用性监测,可用性监测
173,漏洞扫描,漏洞扫描
174,返回页面设置,返回页面设置
175,上传,上传
176,数据管理,数据管理
177,组/用户,组/用户
178,数据管理模型,数据管理模型
179,系统,系统
180,数据表,数据表
181,网络配置,网络配置
182,账号管理,账号管理
183,数据库,数据库
184,路由配置,路由配置
185,对象定义,对象定义
186,登录配置,登录配置
187,用户管理,用户管理
188,虚拟专网,虚拟专网
189,流量管理,流量管理
190,智能防护,智能防护
191,"Action ID","Action ID"
192,Name,Name
193,Desc,Desc
194,ID,ID
196,时间,时间
199,排序,排序
200,显示,显示
202,Title,Title
212,Type,Type
218,IP类型,IP类型
219,IP或IP段,IP或IP段
220,类型,类型
221,状态,状态
222,Priority,Priority
223,Severity,Severity
230,Host,Host
231,Db,Db
232,User,User
233,Pwd,Pwd
234,"Task ID","Task ID"
235,"Parent ID","Parent ID"
236,Tb,Tb
237,"Tb Create","Tb Create"
238,Field,Field
239,"Field Global Var","Field Global Var"
240,"Field Attribute Label","Field Attribute Label"
241,"Field Attribute Labels Config","Field Attribute Labels Config"
242,"Field Rules","Field Rules"
243,"Field Search","Field Search"
244,"Field Search Box","Field Search Box"
245,"Field Table","Field Table"
246,"Field Edit","Field Edit"
247,"Field Data","Field Data"
248,"Is Use","Is Use"
249,Interface,Interface
250,Vhid,Vhid
251,Password,Password
252,State,State
253,Ip,Ip
254,"Database Ip","Database Ip"
255,"Database Port","Database Port"
256,"Is Setting","Is Setting"
257,"Server ID","Server ID"
258,"Offset ID","Offset ID"
259,"Had Sync","Had Sync"
260,Bridge,Bridge
261,"Is Port Aggregation","Is Port Aggregation"
262,"Database Sync Status","Database Sync Status"
272,Secname,Secname
277,报表名称,报表名称
278,报表类型,报表类型
279,报表说明,报表说明
280,生成时间,生成时间
281,路径,路径
282,报表分类,报表分类
283,格式,格式
284,说明,说明
285,邮件通知,邮件通知
286,文件格式,文件格式
289,Different,Different
293,"Redirect ID","Redirect ID"
294,描述,描述
295,链接,链接
296,用户名,用户名
297,密码,密码
298,属组,属组
299,可用,可用
300,"Group ID","Group ID"
301,"Sys Menu ID","Sys Menu ID"
302,Enable,Enable
303,组别,组别
304,主键id,主键id
305,系统配置的键名,系统配置的键名
306,系统配置的键值,系统配置的键值
307,系统配置的描述,系统配置的描述
323,"Country Code","Country Code"
330,Referer,Referer
333,Url,Url
339,Rulefile,Rulefile
341,Rev,Rev
343,Tag,Tag
344,Code,Code
345,Province,Province
346,Area,Area
347,"En Country","En Country"
348,"Cn Country","Cn Country"
349,Continent,Continent
354,绑定设备列表,绑定设备列表
358,IPV4地址,IPV4地址
359,IPV4掩码,IPV4掩码
360,IPV6地址,IPV6地址
361,IPV6掩码,IPV6掩码
364,登录,登录
365,退出,退出
366,验证码,验证码
367,换一个,换一个
368,关闭,关闭
369,开始时间,开始时间
370,结束时间,结束时间
371,旧密码,旧密码
372,新密码,新密码
373,提交,提交
374,重置,重置
375,刷新,刷新
376,地址,地址
377,秒,秒
378,禁止,禁止
379,隐藏,隐藏
380,是,是
382,新增,新增
383,跳到,跳到
384,共,共
385,记录,记录
386,页,页
387,第一页,第一页
388,最后一页,最后一页
389,下页,下页
390,上页,上页
391,每页条数,每页条数
392,操作,操作
393,升级,升级
394,选择文件,选择文件
395,文件类型,文件类型
396,文件不存在,文件不存在
397,必填项,必填项
398,长度,长度
399,字节,字节
400,反选,反选
401,每天,每天
402,每周,每周
403,每月,每月
404,还原,还原
405,备注,备注
406,提示,提示
407,电子邮箱,电子邮箱
408,电话,电话
409,至,至
410,文件名,文件名
411,高,高
412,低,低
413,名称,名称
414,自定义,自定义
415,选择,选择
416,仅记录,仅记录
417,允许访问,允许访问
418,拒绝访问,拒绝访问
419,关闭链接,关闭链接
420,继续,继续
421,目的,目的
422,来源IP不合法,来源IP不合法
423,目标IP不合法,目标IP不合法
424,添加访问控制,添加访问控制
425,修改访问控制,修改访问控制
426,来源IP防CC,来源IP防CC
427,来源IP地址访问速率限制,来源IP地址访问速率限制
428,阻止访问时间,阻止访问时间
429,目的URI访问速率限制,目的URI访问速率限制
430,目的URI列表,目的URI列表
431,特定URI防CC,特定URI防CC
432,次,次
433,网络流量选择,网络流量选择
434,推荐阈值,推荐阈值
435,"系统根据选择的网络流量,推荐合理的阀值范围","系统根据选择的网络流量,推荐合理的阀值范围"
436,总流量触发阀值,总流量触发阀值
437,数据包/秒,数据包/秒
438,总流量阀值/单IP,总流量阀值/单IP
439,包触发阀值,包触发阀值
440,包阀值/单IP,包阀值/单IP
441,"SYN Flood触发阀值","SYN Flood触发阀值"
442,"SYN Flood阀值/单IP","SYN Flood阀值/单IP"
443,目标IP地址,目标IP地址
444,配置文件导出,配置文件导出
445,导出配置,导出配置
447,恢复配置成功,恢复配置成功
448,配置已应用,配置已应用
449,生成配置成功,生成配置成功
450,未知类型,未知类型
451,配置已完成,配置已完成
452,磁盘阀值,磁盘阀值
453,选择一行数据,选择一行数据
454,选择要删除的数据,选择要删除的数据
455,页面类型,页面类型
456,页面文件,页面文件
457,配置文字,配置文字
458,生效,生效
459,页面已存在,页面已存在
460,文件上传失败,文件上传失败
462,填写提示文字,填写提示文字
463,没有选择数据,没有选择数据
464,错误页面类型,错误页面类型
465,上传页面,上传页面
466,页面提示文字,页面提示文字
467,文件扩展名称,文件扩展名称
468,监控接口,监控接口
469,优先级,优先级
470,限制从0到255,限制从0到255
471,数据库配置同步,数据库配置同步
472,对端,对端
473,选中的接口没有设置IP地址,选中的接口没有设置IP地址
474,文件类型将不会被盗链,文件类型将不会被盗链
475,禁止的HTTP头字段设置,禁止的HTTP头字段设置
476,HTTP头字段,HTTP头字段
478,允许的HTTP协议版本设置,允许的HTTP协议版本设置
479,HTTP协议版本,HTTP协议版本
480,危害等级,危害等级
481,攻击类型,攻击类型
482,源IP地址,源IP地址
485,一般信息,一般信息
486,规则模板库更新失败,规则模板库更新失败
487,邮件报警,邮件报警
488,短信报警,短信报警
489,发送间隔,发送间隔
490,"报警发送间隔,单位:小时","报警发送间隔,单位:小时"
491,通知设置,通知设置
492,登录的帐号,登录的帐号
493,登录的密码,登录的密码
494,发送端口,发送端口
495,接收邮件的email,接收邮件的email
496,接收报警的手机号码,接收报警的手机号码
497,规则ID,规则ID
498,目标主机,目标主机
499,没有选择需要更新的数据,没有选择需要更新的数据
500,没有选择需要删除的数据,没有选择需要删除的数据
501,转黑名单,转黑名单
502,转白名单,转白名单
503,查询,查询
504,拦截,拦截
505,放行,放行
506,黑名单,黑名单
507,白名单,白名单
508,源,源
509,目标,目标
510,目标端口,目标端口
511,执行动作,执行动作
512,源端口,源端口
513,地理位置,地理位置
514,未知,未知
515,"该名单已存在,不需要添加","该名单已存在,不需要添加"
516,添加黑名单,添加黑名单
517,添加白名单,添加白名单
518,检测端口,检测端口
519,"点击""生成技术支持包""按钮,将生成可下载的技术支持包文件","点击""生成技术支持包""按钮,将生成可下载的技术支持包文件"
520,生成技术支持包,生成技术支持包
521,定时报表,定时报表
522,访问/流量报表,访问/流量报表
523,添加自定义规则,添加自定义规则
524,修改自定义规则,修改自定义规则
525,规则模板名称,规则模板名称
526,继承模板,继承模板
527,继承模板名称,继承模板名称
528,模板类型,模板类型
529,站点组模板,站点组模板
530,站点模板,站点模板
531,"选择了模板类型为站点模板,但没有选择所属站点组模板","选择了模板类型为站点模板,但没有选择所属站点组模板"
532,添加规则模板,添加规则模板
533,修改规则模板,修改规则模板
534,模板名称,模板名称
535,模板说明,模板说明
536,所属站点组模板,所属站点组模板
537,最大长度,最大长度
538,参数名称最大长度,参数名称最大长度
539,参数最大长度,参数最大长度
540,最大参数个数,最大参数个数
541,最大个数,最大个数
542,以上各项当填写数值为0时，则该项设置不生效,以上各项当填写数值为0时，则该项设置不生效
543,建议学习完毕后关闭,建议学习完毕后关闭
544,是否应用学习结果,是否应用学习结果
545,选择数据,选择数据
546,选中数据为空,选中数据为空
547,删除数据,删除数据
548,停用数据,停用数据
549,敏感词过滤,敏感词过滤
550,将对设置的敏感词以*号代替,将对设置的敏感词以*号代替
551,"词与词之间用""|""隔开","词与词之间用""|""隔开"
552,隐藏类型,隐藏类型
553,监控目标,监控目标
554,最近执行时间,最近执行时间
555,响应时间,响应时间
556,无数据,无数据
557,系统错误,系统错误
558,正常,正常
559,小时,小时
560,分钟,分钟
561,查看报告,查看报告
562,时间范围,时间范围
563,响应时间分布,响应时间分布
564,响应时间(毫秒),响应时间(毫秒)
565,监控目标URL状态,监控目标URL状态
566,智能阻断,智能阻断
567,定值300秒,定值300秒
568,不少于10次(单位:次),不少于10次(单位:次)
569,基准阻断时间,基准阻断时间
570,不少于600秒(单位:秒),不少于600秒(单位:秒)
571,攻击时间,攻击时间
572,阻断持续时间(单位:秒),阻断持续时间(单位:秒)
573,将对该类爬虫实施防护,将对该类爬虫实施防护
574,爬虫类型,爬虫类型
575,公司名称,公司名称
576,公司地址,公司地址
577,许可证文件,许可证文件
578,文件仅部分被上传,文件仅部分被上传
579,只允许上传,只允许上传
580,格式的文件,格式的文件
581,IP+子网掩码,IP+子网掩码
582,IP或IP段已存在,IP或IP段已存在
583,"ip地址不合法,例:192.168.1.1","ip地址不合法,例:192.168.1.1"
584,"ip和子网掩码不合法,例:192.168.1.0/24","ip和子网掩码不合法,例:192.168.1.0/24"
585,验证码错误,验证码错误
586,无此用户或禁止此用户登录,无此用户或禁止此用户登录
587,此用户禁止登录,此用户禁止登录
588,登录成功,登录成功
589,登录失败,登录失败
590,登录超时时间(分钟),登录超时时间(分钟)
591,登录尝试次数限制,登录尝试次数限制
592,登录错误锁定时间(分钟),登录错误锁定时间(分钟)
593,首页功能定制,首页功能定制
594,技术支持命令已发出,技术支持命令已发出
595,升级成功,升级成功
596,选择升级文件,选择升级文件
597,展开所有,展开所有
598,闭合所有,闭合所有
599,是否删除此菜单,是否删除此菜单
600,是否显示子菜单,是否显示子菜单
601,访问路径,访问路径
602,菜单名,菜单名
603,报告时间,报告时间
604,上传时间,上传时间
605,站点URL,站点URL
606,文件分析结果-展示,文件分析结果-展示
607,删除的数据为空,删除的数据为空
608,严重等级,严重等级
609,报告,报告
610,扫描,扫描
611,未扫描,未扫描
612,扫描中,扫描中
613,扫描失败,扫描失败
614,扫描地址,扫描地址
615,填写真实有效的扫描地址,填写真实有效的扫描地址
616,否则无法进行扫描,否则无法进行扫描
617,扫描结果不存在,扫描结果不存在
618,SSH开关设置,SSH开关设置
619,站点组,站点组
620,规则模板,规则模板
621,站点数量,站点数量
622,"所选站点组中,有对应的站点,不能删除","所选站点组中,有对应的站点,不能删除"
623,参数错误,参数错误
624,保存失败,保存失败
625,站点,站点
626,端口,端口
627,站点组名称,站点组名称
628,策略模板,策略模板
629,单独策略模板,单独策略模板
630,是否反向代理,是否反向代理
631,站点名错误,站点名错误
632,端口错误,端口错误
633,协议,协议
634,操作系统,操作系统
635,开发语言,开发语言
636,更新时间,更新时间
637,IP地址错误,IP地址错误
638,管道发送失败,管道发送失败
639,添加站点组,添加站点组
640,返回,返回
641,修改站点组,修改站点组
642,配置策略,配置策略
643,站点策略规则优先级高于站点组策略规则,站点策略规则优先级高于站点组策略规则
644,根节点,根节点
645,所属站点,所属站点
646,地址及端口,地址及端口
647,站点名称必须是IPV4地址或者是合法的域名,站点名称必须是IPV4地址或者是合法的域名
648,添加站点,添加站点
649,修改站点,修改站点
650,规则,规则
651,规则名称,规则名称
652,拦截方式,拦截方式
653,告警等级,告警等级
654,类别,类别
655,个规则集,个规则集
656,危害描述,危害描述
657,解决建议,解决建议
658,网络超时,网络超时
659,修改成功,修改成功
660,修改失败,修改失败
661,操作成功,操作成功
662,更新失败,更新失败
663,删除失败,删除失败
664,已完成,已完成
665,已停止,已停止
666,上传成功,上传成功
670,清除缓存,清除缓存
672,权限查看,权限查看
673,授权信息,授权信息
674,权限修改,权限修改
676,管理日志,管理日志
677,系统日志,系统日志
678,编译器上传,编译器上传
681,日志配置,日志配置
688,防火墙日志,防火墙日志
689,入侵防御日志,入侵防御日志
690,安全策略,安全策略
691,web应用防护日志,web应用防护日志
692,病毒防护日志,病毒防护日志
693,信息泄漏防护日志,信息泄漏防护日志
694,DDOS防护日志,DDOS防护日志
695,应用管控日志,应用管控日志
696,url访问日志,url访问日志
697,日志库,日志库
698,用户认证日志,用户认证日志
699,网中网检测日志,网中网检测日志
700,IpsecVPN日志,IpsecVPN日志
703,入侵防护,入侵防护
705,清空,清空
706,加入防误报,加入防误报
707,启动,启动
708,入侵数量统计(当月),入侵数量统计(当月)
709,入侵类别统计(当月),入侵类别统计(当月)
710,产品信息,产品信息
718,Bypass设置,Bypass设置
719,多语言,多语言
720,语言检测,语言检测
721,导出语言包,导出语言包
722,磁盘清理,磁盘清理
723,导入语言包,导入语言包
724,语言KEY,语言KEY
725,检查翻译字符唯一,检查翻译字符唯一
728,定期报表,定期报表
729,安全管理,安全管理
730,HTTP请求动作过滤,HTTP请求动作过滤
731,HTTP请求内容过滤,HTTP请求内容过滤
732,服务器信息隐藏,服务器信息隐藏
733,开启云防护,开启云防护
734,测试菜单(不开放)日志,测试菜单(不开放)日志
735,个人设置,个人设置
736,开发人员使用,开发人员使用
737,菜单权限管理,菜单权限管理
738,获取单个权限信息,获取单个权限信息
739,OCR拦截,OCR拦截
740,用户认证,用户认证
741,桥设备,桥设备
742,防火墙,防火墙
743,透明代理,透明代理
744,接入控制,接入控制
745,反向代理,反向代理
746,安全防护,安全防护
747,日志管理,日志管理
748,日志任务,日志任务
753,周期,周期
754,图片链接,图片链接
783,桥设备名称,桥设备名称
786,桥的类型,桥的类型
787,确定,确定
788,取消,取消
789,确认新密码,确认新密码
790,开启,开启
791,启用,启用
792,全部记录,全部记录
793,所有,所有
794,全选,全选
795,全不选,全不选
796,日期,日期
797,日志,日志
798,紧急,紧急
799,警报,警报
800,严重,严重
801,错误,错误
802,警告,警告
803,确认密码不一致,确认密码不一致
804,新密码不能为空,新密码不能为空
805,KB/秒,KB/秒
806,流量,流量
807,产品型号,产品型号
808,系统版本,系统版本
809,规则版本,规则版本
810,产品序列号,产品序列号
811,引擎设置,引擎设置
812,默认拦截方式设置,默认拦截方式设置
813,"检测端口设置:指定要检测的端口,如有多个请用|隔开,不能以0开头.如","检测端口设置:指定要检测的端口,如有多个请用|隔开,不能以0开头.如"
814,请在URL开始加上http://或https://,请在URL开始加上http://或https://
815,清除菜单栏目,清除菜单栏目
816,清除所有缓存,清除所有缓存
817,清除成功,清除成功
818,"启用后,来源IP地址的访问次数超过设定上限的.禁止该IP地址的任何后续访问","启用后,来源IP地址的访问次数超过设定上限的.禁止该IP地址的任何后续访问"
819,请求次数上限,请求次数上限
820,"启用后,来源IP对目的URI的访问次数超过设定上限的.禁止该IP地址的任何后续访问","启用后,来源IP对目的URI的访问次数超过设定上限的.禁止该IP地址的任何后续访问"
821,"每行一条URI,可输入多行并确保uri正确. 例: /test.php（不用输入参数部分）","每行一条URI,可输入多行并确保uri正确. 例: /test.php（不用输入参数部分）"
822,"请填写 ""来源IP防CC"" 的相关参数","请填写 ""来源IP防CC"" 的相关参数"
823,"请填写 ""特定URL防CC"" 的相关参数","请填写 ""特定URL防CC"" 的相关参数"
824,开启DDOS云防护,开启DDOS云防护
825,"其它TCP Flood触发阀值","其它TCP Flood触发阀值"
826,"其它TCP Flood阀值/单IP","其它TCP Flood阀值/单IP"
827,"禁止所有UDP协议的通信. (启用后所有使用UDP协议的通信将被禁止,包括使用UDP协议的DNS解释服务","禁止所有UDP协议的通信. (启用后所有使用UDP协议的通信将被禁止,包括使用UDP协议的DNS解释服务"
828,"禁止所有ICMP协议的通信. (启用后所有使用ICMP协议的通信将被禁止,包括使用ICMP协议的PING请求","禁止所有ICMP协议的通信. (启用后所有使用ICMP协议的通信将被禁止,包括使用ICMP协议的PING请求"
829,"以上所有项请填写大于0的正整数,各项阀值建议不小于","以上所有项请填写大于0的正整数,各项阀值建议不小于"
830,网络流量请填写1-1024以内的数值,网络流量请填写1-1024以内的数值
831,DDOS攻击,DDOS攻击
832,恢复默认配置,恢复默认配置
833,"点击""恢复默认配置""按钮,恢复本设备默认配置","点击""恢复默认配置""按钮,恢复本设备默认配置"
834,配置文件导入,配置文件导入
835,"选择备份文件,点击“导入配置”按钮恢复之前的配置","选择备份文件,点击“导入配置”按钮恢复之前的配置"
836,导入配置,导入配置
837,"点击""导出配置""按钮备份当前数据库配置","点击""导出配置""按钮备份当前数据库配置"
838,"正在配置文件,请等待1-2分钟","正在配置文件,请等待1-2分钟"
839,系统友情提示,系统友情提示
840,"恢复默认配置后系统将重启,确认","恢复默认配置后系统将重启,确认"
841,正在配置文件，请等待1-2分钟...,正在配置文件，请等待1-2分钟...
842,恢复默认配置后系统将重启,恢复默认配置后系统将重启
843,磁盘自动清理参数设置,磁盘自动清理参数设置
844,是否开启自动清理,是否开启自动清理
845,超过设置百分比数值时将自动清除日志,超过设置百分比数值时将自动清除日志
846,请先停用再修改,请先停用再修改
847,无法获取上传文件信息,无法获取上传文件信息
848,确认文件可用,确认文件可用
849,删除前先停用,删除前先停用
850,禁止请求的文件扩展名设置,禁止请求的文件扩展名设置
851,请求的文件扩展名类型将被禁止,请求的文件扩展名类型将被禁止
852,VIP启用,VIP启用
853,是否开启,是否开启
854,桥接口,桥接口
855,允许HTTP请求内容,允许HTTP请求内容
856,请求内容以外的将被拒绝,请求内容以外的将被拒绝
857,HTTP请求内容,HTTP请求内容
858,HTTP请求动作设置,HTTP请求动作设置
859,HTTP请求动作,HTTP请求动作
860,启用后,启用后
861,该HTTP请求动作将被允许,该HTTP请求动作将被允许
862,请求的HTTP头字段将被禁止,请求的HTTP头字段将被禁止
863,以上所有项请填写大于0，小于2147483647的正整数,以上所有项请填写大于0，小于2147483647的正整数
864,请求的HTTP协议版本将被允许,请求的HTTP协议版本将被允许
866,入侵日志,入侵日志
867,匹配内容,匹配内容
868,规则模板库找不到默认模板,规则模板库找不到默认模板
869,"所对应的站点不存在,请在""站点组管理""增加站点","所对应的站点不存在,请在""站点组管理""增加站点"
870,开启入侵记录的E-mail功能,开启入侵记录的E-mail功能
871,开启入侵记录的短信报警功能,开启入侵记录的短信报警功能
872,发件人名称,发件人名称
873,发件人邮箱,发件人邮箱
874,"以该名称发送,格式为EMAIL(可以和发件人邮箱相同)","以该名称发送,格式为EMAIL(可以和发件人邮箱相同)"
875,发件人密码,发件人密码
876,SMTP服务器地址,SMTP服务器地址
877,发送服务器,发送服务器
878,SMTP服务器端口,SMTP服务器端口
879,收件人邮箱,收件人邮箱
880,收件人手机号码,收件人手机号码
881,"以上信息非常重要,请确保所填信息均无错误,否则无法发送/接收邮件、短信","以上信息非常重要,请确保所填信息均无错误,否则无法发送/接收邮件、短信"
882,是否启用,是否启用
884,精确查询,精确查询
885,如,如
886,非法外联日志,非法外联日志
888,"提示:将根据当前的条件导出日志,最多导出最新的20000条记录","提示:将根据当前的条件导出日志,最多导出最新的20000条记录"
889,"指定要检测的端口,如有多个请用|隔开,不能以0开头. 如","指定要检测的端口,如有多个请用|隔开,不能以0开头. 如"
890,"技术支持包是为了方便厂家排除系统故障的手段,当系统出现问题的时候,请生成技术支持包,并发送给我们","技术支持包是为了方便厂家排除系统故障的手段,当系统出现问题的时候,请生成技术支持包,并发送给我们"
891,正在压缩技术支持包文件，请等待1-2分钟,正在压缩技术支持包文件，请等待1-2分钟
892,"超出限制,请联系技术员解决","超出限制,请联系技术员解决"
893,站点组启用,站点组启用
894,内容最大长度,内容最大长度
895,启用自学习,启用自学习
896,启用访问白名单,启用访问白名单
897,是否启用自学习,是否启用自学习
898,是否启用访问白名单,是否启用访问白名单
899,启用数据,启用数据
900,敏感词内容,敏感词内容
901,隐藏服务器信息,隐藏服务器信息
902,监控频率,监控频率
903,"请填写真实有效的监控地址,否则无法进行扫描","请填写真实有效的监控地址,否则无法进行扫描"
904,定时监控频率,定时监控频率
905,"开启智能阻断(启用后,系统将根据设定条件,识别频繁攻击的来源IP地址,在一段时间内拒绝该IP地址的访问.)","开启智能阻断(启用后,系统将根据设定条件,识别频繁攻击的来源IP地址,在一段时间内拒绝该IP地址的访问.)"
906,统计周期,统计周期
907,入侵次数,入侵次数
908,以上各项请按需求填写,以上各项请按需求填写
909,智能阻断日志,智能阻断日志
910,授权序列号,授权序列号
911,有效期,有效期
912,选择有效期内的许可证文件,选择有效期内的许可证文件
913,文件大小超出服务器空间大小,文件大小超出服务器空间大小
914,文件大小超出浏览器限制,文件大小超出浏览器限制
915,服务器临时文件夹丢失,服务器临时文件夹丢失
916,文件写入到临时文件夹出错,文件写入到临时文件夹出错
917,请耐心等待授权认证,请耐心等待授权认证
918,不启用黑白名单,不启用黑白名单
919,启用白名单,启用白名单
920,启用黑名单,启用黑名单
921,IP区间,IP区间
922,"ip区间不合法,例:192.168.1.1-192.168.255.254","ip区间不合法,例:192.168.1.1-192.168.255.254"
924,"当前账号错误登录次数 %s,锁定剩余%s秒","当前账号错误登录次数 %s,锁定剩余%s秒"
925,正常访问,正常访问
926,来自爬虫,来自爬虫
927,来自威胁,来自威胁
928,浏览数,浏览数
929,访问人数,访问人数
930,页面数,页面数
931,文件数,文件数
932,访问来源,访问来源
933,实时流量,实时流量
934,系统资源占用,系统资源占用
935,选择时间,选择时间
936,实时监控,实时监控
937,历史数据查询,历史数据查询
938,连接数,连接数
939,处理数,处理数
940,时间参数不正确,时间参数不正确
941,清空操作将对目前查询条件所列数据进行清空,清空操作将对目前查询条件所列数据进行清空
942,清空后将不能恢复,清空后将不能恢复
943,不能没有清空条件,不能没有清空条件
944,异常文件上传日志,异常文件上传日志
945,任务名称,任务名称
946,已有任务正在进行中,已有任务正在进行中
947,等待任务完成再添加新任务,等待任务完成再添加新任务
948,删除前先停止任务,删除前先停止任务
949,服务器数量,服务器数量
950,WEB服务器,WEB服务器
951,入库失败,入库失败
952,写入失败,写入失败
953,IP地址、端口不能为空,IP地址、端口不能为空
954,添加服务器,添加服务器
955,输入名称,输入名称
956,输入,输入
957,权限不足,权限不足
958,请求失败,请求失败
959,确认要删除吗,确认要删除吗
960,必须输入大于0的整数,必须输入大于0的整数
961,请选择升级文件,请选择升级文件
962,只能输入整数,只能输入整数
963,不能输入大于%s的整数,不能输入大于%s的整数
964,不能输入小于%s的整数,不能输入小于%s的整数
965,只能输入%s~%s间的整数,只能输入%s~%s间的整数
966,"只能输入数字,可为正负整数或正负浮点数","只能输入数字,可为正负整数或正负浮点数"
967,不能输入大于%s的数字,不能输入大于%s的数字
968,不能输入小于%s的数字,不能输入小于%s的数字
969,只能输入%s~%s间的数字,只能输入%s~%s间的数字
970,"只能输入数字,可为正负整数或正负浮点数(双精度浮点型)","只能输入数字,可为正负整数或正负浮点数(双精度浮点型)"
971,email格式错误,email格式错误
972,此项必填,此项必填
973,只能输入字符型数据,只能输入字符型数据
974,输入字符数不能大于%s,输入字符数不能大于%s
975,输入字符数不能小于%s,输入字符数不能小于%s
976,限制输入字符数为%s~%s,限制输入字符数为%s~%s
977,此项必须唯一,此项必须唯一
978,URL地址错误,URL地址错误
979,CC攻击,CC攻击
982,通用攻击,通用攻击
983,信息泄漏,信息泄漏
984,其他攻击,其他攻击
985,溢出攻击,溢出攻击
986,HTTP保护,HTTP保护
987,SQL注入,SQL注入
988,木马病毒,木马病毒
990,跨站脚本,跨站脚本
993,系统工具,系统工具
994,WEB控制配置,WEB控制配置
995,SNMP,SNMP
996,网络测试,网络测试
997,系统时间,系统时间
998,抓包工具,抓包工具
999,组播路由转发,组播路由转发
1000,网中网检测,网中网检测
1025,"Modsec Status","Modsec Status"
1026,"Modsec Requestbody Access Switch","Modsec Requestbody Access Switch"
1028,蓝盾WEB应用防护系统,蓝盾WEB应用防护系统
1029,模式,模式
1030,默认动作,默认动作
1031,继续处理,继续处理
1032,WAF规则翻译,WAF规则翻译
1033,WAF规则翻译导出,WAF规则翻译导出
1034,WAF规则翻译导入,WAF规则翻译导入
1035,创建语言库文件,创建语言库文件
1036,WAF引擎,WAF引擎
1039,网络流量,网络流量
1040,"TCP 包触发阀值","TCP 包触发阀值"
1041,"TCP 包阀值/单IP","TCP 包阀值/单IP"
1042,"ACK Flood 数据包/秒","ACK Flood 数据包/秒"
1043,"ACK Flood 包阀值/单IP","ACK Flood 包阀值/单IP"
1044,"UDP 数据包/秒","UDP 数据包/秒"
1045,"UDP 包阀值/单IP","UDP 包阀值/单IP"
1046,"ICMP 数据包/秒","ICMP 数据包/秒"
1047,"ICMP 包阀值/单IP","ICMP 包阀值/单IP"
1048,"UDP 禁止","UDP 禁止"
1049,"ICMP 禁止","ICMP 禁止"
1050,HTTP请求内容名称,HTTP请求内容名称
1051,HTTP请求内容状态,HTTP请求内容状态
1052,HTTP请求动作名称,HTTP请求动作名称
1053,启用选择,启用选择
1054,HTTP协议版本名称,HTTP协议版本名称
1055,HTTP协议版本状态,HTTP协议版本状态
1057,Now,Now
1058,"Max Value","Max Value"
1059,Cycle,Cycle
1060,"Phone Cycle","Phone Cycle"
1061,设置名称,设置名称
1062,设置值,设置值
1063,HTTP头字段名称,HTTP头字段名称
1064,HTTP头字段状态,HTTP头字段状态
1065,文件扩展状态,文件扩展状态
1066,"Is Ssl","Is Ssl"
1067,"Ssl Path","Ssl Path"
1068,爬虫防护爬虫类型,爬虫防护爬虫类型
1069,防盗链文件类型,防盗链文件类型
1072,"Is Selfstudy","Is Selfstudy"
1078,开启自动清理,开启自动清理
1081,"URI 参数最大长度","URI 参数最大长度"
1082,"URI 最大参数个数","URI 最大参数个数"
1083,"COOKIE 最大长度","COOKIE 最大长度"
1084,"COOKIE 参数名称最大长度","COOKIE 参数名称最大长度"
1085,"COOKIE 内容最大长度","COOKIE 内容最大长度"
1086,"COOKIE 最大个数","COOKIE 最大个数"
1087,"Is Ip Black","Is Ip Black"
1088,"Is Domain Black","Is Domain Black"
1089,确认密码,确认密码
1090,源IP,源IP
1091,目标IP,目标IP
1092,站点名称,站点名称
1093,站点IP,站点IP
1094,站点端口,站点端口
1095,站点组ID,站点组ID
1096,策略模板ID,策略模板ID
1097,自身策略模板ID,自身策略模板ID
1098,24小时每小时最大流量模型,24小时每小时最大流量模型
1099,24小时每小时单ip最大访问数,24小时每小时单ip最大访问数
1100,24小时建模开始日期,24小时建模开始日期
1101,建模的时间周期,建模的时间周期
1102,建模结束时间,建模结束时间
1103,建模状态,建模状态
1104,学习时间,学习时间
1105,学习开始时间,学习开始时间
1106,学习结束时间,学习结束时间
1107,动态建模备注,动态建模备注
1108,是否是反向代理,是否是反向代理
1109,DDOS攻击防护类型,DDOS攻击防护类型
1110,负载均衡方式,负载均衡方式
1111,开启缓存,开启缓存
1112,启用健康检查,启用健康检查
1113,证书公钥,证书公钥
1114,证书密钥,证书密钥
1115,反向代理说明,反向代理说明
1116,IP地址,IP地址
1117,创建时间,创建时间
1118,站点ID,站点ID
1119,权重,权重
1120,Uri,Uri
1122,是否用于管理,是否用于管理
1123,是否允许ping,是否允许ping
1124,是否允许traceroute,是否允许traceroute
1125,是启用日志,是启用日志
1126,是否SSH,是否SSH
1127,是否WEBUI,是否WEBUI
1128,密码与确认密码不一致,密码与确认密码不一致
1129,密码必须包含字母和数字,密码必须包含字母和数字
1130,成功,成功
1131,百分百,百分百
1132,允许,允许
1133,停用,停用
1134,否,否
1135,月份,月份
1136,天,天
1137,未定义,未定义
1138,序号,序号
1139,次数,次数
1140,来源IP,来源IP
1141,比例,比例
1142,网址,网址
1143,关键字,关键字
1144,浏览器,浏览器
1145,浏览,浏览
1146,自动,自动
1147,引擎参数错误,引擎参数错误
1148,拦截方式参数错误,拦截方式参数错误
1149,URL地址未填写,URL地址未填写
1150,选择任意URL，必须指定来源IP,选择任意URL，必须指定来源IP
1151,请填写来源IP,请填写来源IP
1152,请填写目标IP,请填写目标IP
1153,任意URL与指定URL选项错误,任意URL与指定URL选项错误
1154,是否启用参数错误,是否启用参数错误
1155,选择某一行数据？,选择某一行数据？
1156,选择启用的数据,选择启用的数据
1157,是否启用数据,是否启用数据
1158,选择停用的数据,选择停用的数据
1159,是否停用数据,是否停用数据
1160,选择删除的数据,选择删除的数据
1161,是否删除数据,是否删除数据
1162,规则基本信息,规则基本信息
1163,任意URL,任意URL
1164,指定URL,指定URL
1165,例,例
1166,或,或
1167,来源配置,来源配置
1168,任意IP,任意IP
1169,指定IP,指定IP
1170,单IP,单IP
1171,IP段,IP段
1172,目标配置,目标配置
1173,写入配置文件失败,写入配置文件失败
1174,开启BYPASS后，每对WAN/LAN接口在物理上直接连通，流量不经过设备，一般用于网络故障排除。,开启BYPASS后，每对WAN/LAN接口在物理上直接连通，流量不经过设备，一般用于网络故障排除。
1175,关闭BYPASS后，流量经过设备，恢复到正常状态。,关闭BYPASS后，流量经过设备，恢复到正常状态。
1176,请选择,请选择
1177,HTTP类型,HTTP类型
1178,规则模块,规则模块
1179,优先级范围为%s,优先级范围为%s
1180,防溢出配置,防溢出配置
1181,其它模式,其它模式
1182,透明桥模式,透明桥模式
1183,反向代理模式,反向代理模式
1184,没有选择需要加入防误报的数据,没有选择需要加入防误报的数据
1185,"操作成功, 共成功处理符合防误报条件的%d条日志, 失败的%d条","操作成功, 共成功处理符合防误报条件的%d条日志, 失败的%d条"
1186,选择加入防误报的数据,选择加入防误报的数据
1187,是否加入防误报,是否加入防误报
1188,停用对应规则数据为空,停用对应规则数据为空
1189,是否停用对应规则,是否停用对应规则
1190,报警配置,报警配置
1191,SMTP服务器地址无效,SMTP服务器地址无效
1192,发件人名称非登录帐号,发件人名称非登录帐号
1193,启用停用的参数错误,启用停用的参数错误
1194,开启状态,开启状态
1195,"url与url之间用""|""隔开","url与url之间用""|""隔开"
1196,"扩展名与扩展名之间用""|""隔开","扩展名与扩展名之间用""|""隔开"
1197,拦截扩展名,拦截扩展名
1198,拦截词,拦截词
1199,黑白名单,黑白名单
1200,轮询,轮询
1201,IP哈希,IP哈希
1202,非法外联配置,非法外联配置
1203,超出指定范围的将被禁止,超出指定范围的将被禁止
1204,"访问云防线官方网站 http//www.cloudfence.cn --> 注册帐号-->填写正确的邮箱地址、密码等-->查收邮箱点击验证邮件完成注册。","访问云防线官方网站 http//www.cloudfence.cn --> 注册帐号-->填写正确的邮箱地址、密码等-->查收邮箱点击验证邮件完成注册。"
1205,登录-->加入向导-->填写域名-->扫描出您添加域名的A记录-->点确定、回到服务返回用户界面-->等待管理员审核您添加的域名是否备案,登录-->加入向导-->填写域名-->扫描出您添加域名的A记录-->点确定、回到服务返回用户界面-->等待管理员审核您添加的域名是否备案
1206,审核通过-->查收邮件获取CNAME记录-->登录域名注册商后台更改CNAME-->等待更改生效。,审核通过-->查收邮件获取CNAME记录-->登录域名注册商后台更改CNAME-->等待更改生效。
1207,"审核不通过-->前往""工业和信息化部ICP/IP地址/域名信息备案管理系统""http//www.miitbeian.gov.cn申请备案。","审核不通过-->前往""工业和信息化部ICP/IP地址/域名信息备案管理系统""http//www.miitbeian.gov.cn申请备案。"
1208,主机头名,主机头名
1209,主机头名不能为空,主机头名不能为空
1210,负载均衡方式不正确,负载均衡方式不正确
1211,是否开启缓存,是否开启缓存
1212,是否启用健康检测,是否启用健康检测
1213,本地监听端口,本地监听端口
1214,本地监控端口错误,本地监控端口错误
1215,协议错误,协议错误
1216,"主机头名已存在,请先在站点组管理删除","主机头名已存在,请先在站点组管理删除"
1217,代理IP及端口,代理IP及端口
1218,代理IP及端口不能为空,代理IP及端口不能为空
1219,代理IP错误,代理IP错误
1220,代理端口错误,代理端口错误
1221,代理权重错误,代理权重错误
1222,清除旧的代理IP及端口失败,清除旧的代理IP及端口失败
1223,设备名称,设备名称
1224,IP地址/掩码,IP地址/掩码
1225,绑定接口列表,绑定接口列表
1226,请填写IP地址或者请勿勾选WEBUI、SSH、允许PING、允许Traceroute,请填写IP地址或者请勿勾选WEBUI、SSH、允许PING、允许Traceroute
1227,所选网口数必须为两个以上(含两个),所选网口数必须为两个以上(含两个)
1229,IPV4格式错误,IPV4格式错误
1230,掩码格式错误,掩码格式错误
1231,请输入正确的IP地址,请输入正确的IP地址
1232,IPV6格式错误,IPV6格式错误
1233,权重值范围1-10，值越大，权重越大,权重值范围1-10，值越大，权重越大
1234,IP地址、端口、权重不能为空,IP地址、端口、权重不能为空
1235,桥接口名称,桥接口名称
1236,可选绑定设备列表,可选绑定设备列表
1237,多个IP请分行填写,多个IP请分行填写
1238,继承模板ID,继承模板ID
1239,"数值越小,优先级越大","数值越小,优先级越大"
1240,HTTP请求类型,HTTP请求类型
1241,特征生成,特征生成
1242,匹配算法,匹配算法
1243,字符串匹配,字符串匹配
1244,正则表达式匹配,正则表达式匹配
1245,特征关键字,特征关键字
1246,温馨提示,温馨提示
1247,"请确保您所填写的内容正确,否则该规则可能无法执行","请确保您所填写的内容正确,否则该规则可能无法执行"
1248,以上,以上
1249,谷歌爬虫,谷歌爬虫
1250,百度爬虫,百度爬虫
1251,雅虎爬虫,雅虎爬虫
1252,新浪爬虫,新浪爬虫
1253,网易爬虫,网易爬虫
1254,MSN爬虫,MSN爬虫
1255,必应爬虫,必应爬虫
1256,SOSO爬虫,SOSO爬虫
1257,360爬虫,360爬虫
1258,即刻爬虫,即刻爬虫
1259,东方网景,东方网景
1260,热土爬虫,热土爬虫
1261,华为赛门铁克,华为赛门铁克
1262,英国爬虫,英国爬虫
1263,俄罗斯爬虫,俄罗斯爬虫
1264,韩国爬虫,韩国爬虫
1265,日本爬虫,日本爬虫
1266,其它爬虫,其它爬虫
1267,"用户名或者密码错误,剩余 %s 次登录机会","用户名或者密码错误,剩余 %s 次登录机会"
1268,完成时间,完成时间
1269,所属站点组,所属站点组
1270,修改服务器,修改服务器
1271,规则模板ID,规则模板ID
1272,"所选站点中,有反向代理站点,不能删除","所选站点中,有反向代理站点,不能删除"
1273,删除数据失败,删除数据失败
1274,提交的数据不能空,提交的数据不能空
1275,IP地址及端口,IP地址及端口
1276,选择年月,选择年月
1277,选择年月日,选择年月日
1278,输出格式,输出格式
1279,报表已生成，请点击相关链接进行下载,报表已生成，请点击相关链接进行下载
1280,时间(时),时间(时)
1281,事件次数,事件次数
1282,URL/IP地址,URL/IP地址
1283,无效参数,无效参数
1284,报告已生成,报告已生成
1285,蓝盾WEB应用防护系统攻击报表,蓝盾WEB应用防护系统攻击报表
1286,蓝盾WEB应用防护系统访问报表,蓝盾WEB应用防护系统访问报表
1287,统计时间段,统计时间段
1288,报表生成时间,报表生成时间
1289,管理接口地址,管理接口地址
1290,报表内容:入侵记录统计,报表内容:入侵记录统计
1291,入侵数量统计图--总数,入侵数量统计图--总数
1292,入侵趋势图,入侵趋势图
1293,入侵趋势图(24小时时间段),入侵趋势图(24小时时间段)
1294,入侵类别统计图,入侵类别统计图
1295,入侵类别对比图,入侵类别对比图
1296,入侵数量统计,入侵数量统计
1297,入侵趋势,入侵趋势
1298,入侵类别统计,入侵类别统计
1299,入侵类别对比,入侵类别对比
1300,入侵类来源地址统计,入侵类来源地址统计
1301,攻击事件的入侵类来源统计,攻击事件的入侵类来源统计
1302,入侵类来源的攻击事件统计,入侵类来源的攻击事件统计
1303,攻击类型按被攻击主机统计,攻击类型按被攻击主机统计
1304,被攻击主机的攻击类型统计,被攻击主机的攻击类型统计
1305,攻击类型按被攻击URL的统计,攻击类型按被攻击URL的统计
1306,被攻击URL的攻击类型统计,被攻击URL的攻击类型统计
1307,被攻击主机统计,被攻击主机统计
1308,被攻击URL统计,被攻击URL统计
1309,被攻击URL统计(含参数),被攻击URL统计(含参数)
1310,"生成即时报表(查看HTML报表时建议使用的浏览器: IE10或以上/火狐/谷)","生成即时报表(查看HTML报表时建议使用的浏览器: IE10或以上/火狐/谷)"
1311,报表日期,报表日期
1312,下载报表,下载报表
1313,预览报表,预览报表
1314,生成报表,生成报表
1315,报表生成中，请稍后...,报表生成中，请稍后...
1316,HTML格式,HTML格式
1317,PDF格式,PDF格式
1318,DOC格式,DOC格式
1319,请输入正整数,请输入正整数
1320,请按需求填写,请按需求填写
1321,请选择查询日期,请选择查询日期
1322,防护网站,防护网站
1323,安全统计分析,安全统计分析
1324,用户在您网站停留的时间,用户在您网站停留的时间
1325,爬虫分析,爬虫分析
1326,爬虫,爬虫
1327,网站流量(按天),网站流量(按天)
1328,网络接口,网络接口
1329,接收数据包,接收数据包
1330,发送数据包,发送数据包
1331,接收字节,接收字节
1332,发送字节,发送字节
1333,接收的错误包,接收的错误包
1334,发送的错误包,发送的错误包
1335,接收丢失,接收丢失
1336,发送丢失,发送丢失
1337,网站入口页面访问次数,网站入口页面访问次数
1338,网站出口页面访问次数,网站出口页面访问次数
1339,被访页面,被访页面
1340,页面访问排名,页面访问排名
1341,错误码排名,错误码排名
1342,错误码,错误码
1343,搜索引擎,搜索引擎
1344,搜索关键字,搜索关键字
1345,从搜索引擎进入我的网站,从搜索引擎进入我的网站
1346,从别的网站进入我的网站,从别的网站进入我的网站
1347,用户都用什么样的操作系统？,用户都用什么样的操作系统？
1348,用户都用什么样的浏览器？,用户都用什么样的浏览器？
1349,用户停留时间,用户停留时间
1350,总PV,总PV
1351,访问次数,访问次数
1352,流量数,流量数
1353,半双工,半双工
1354,全双工,全双工
1355,已连接,已连接
1356,未连接,未连接
1357,输入ID,输入ID
1358,规则说明,规则说明
1359,添加成功,添加成功
1360,上传失败,上传失败
1364,中危,中危
1365,低危,低危
1366,高危,高危
1367,启用状态,启用状态
1368,HTTP数据类型,HTTP数据类型
1369,提示类型,提示类型
1370,自定义文件,自定义文件
1371,生效状态,生效状态
1374,策略内容,策略内容
1375,站点组启用状态,站点组启用状态
1376,攻击类别,攻击类别
1377,危害级别,危害级别
1378,扫描状态,扫描状态
1379,扫描结果,扫描结果
1380,敏感词过滤开启状态,敏感词过滤开启状态
1381,智能阻断状态,智能阻断状态
1382,Bypass启用状态,Bypass启用状态
1383,监控目标URL,监控目标URL
1384,Protype,Protype
1385,Freq,Freq
1386,系统默认语言,系统默认语言
1387,防火墙角色,防火墙角色
1388,AuditLogUniqueID,AuditLogUniqueID
1389,UserAgent,UserAgent
1390,HTTP请求方式,HTTP请求方式
1391,请求类型,请求类型
1392,响应类型,响应类型
1393,请求状态码,请求状态码
1394,GeneralMsg,GeneralMsg
1395,规则文件,规则文件
1396,总数,总数
1397,默认值,默认值
1398,范围,范围
1399,模式来源,模式来源
1400,规则模板库找不到模板,规则模板库找不到模板
1401,不能删除正在使用的模板,不能删除正在使用的模板
1402,操作失败,操作失败
1403,重启关机,重启关机
1404,Symbol,Symbol
1405,"Field Desc","Field Desc"
1406,Json,Json
1407,版本类型,版本类型
1408,联系电话,联系电话
1409,阻断,阻断
1410,防护的url,防护的url
1411,最大文件大小,最大文件大小
1412,阻断持续时间,阻断持续时间
1413,DestinationIP,DestinationIP
1416,RequestContentType,RequestContentType
1417,ResponseContentType,ResponseContentType
1418,HttpStatusCode,HttpStatusCode
1420,是否病毒,是否病毒
1421,检查结果,检查结果
1422,Number,Number
1423,用户名只能包含数字加字母组合,用户名只能包含数字加字母组合
1424,"重新扫描将会清除原来的任务数据,确定要继续么","重新扫描将会清除原来的任务数据,确定要继续么"
1425,欢迎您,欢迎您
1426,检测登录状态,检测登录状态
1427,syslog服务器,syslog服务器
1428,邮件测试,邮件测试
1429,日志入库归档,日志入库归档
1430,初始化,初始化
1431,waf账号同步,waf账号同步
1432,启用网关邮件功能,启用网关邮件功能
1434,配置项名称,配置项名称
1435,配置项值,配置项值
1436,接口命令,接口命令
1437,导入,导入
1438,启用手机报警功能,启用手机报警功能
1439,登录超时,登录超时
1440,系统主页,系统主页
1441,超级管理员,超级管理员
1442,系统管理员,系统管理员
1443,安全管理员,安全管理员
1444,安全审计员,安全审计员
1445,通知,通知
1446,信息,信息
1447,调试,调试
1448,DDOS日志,DDOS日志
1449,CC日志,CC日志
1450,智能上传文件日志,智能上传文件日志
1451,同级账号管理,同级账号管理
1452,更新状态,更新状态
1453,规则复制,规则复制
1454,预设规则模板,预设规则模板
1455,自定义规则模板,自定义规则模板
1456,IP过滤设置,IP过滤设置
1457,智能木马检测,智能木马检测
1458,"禁止请求的文件扩展名设置 (启用后,请求的文件扩展名类型将被禁止)","禁止请求的文件扩展名设置 (启用后,请求的文件扩展名类型将被禁止)"
1463,策略名,策略名
1464,目标Url,目标Url
1466,单用户登录客户端数限制,单用户登录客户端数限制
1467,"User Agent","User Agent"
1469,"Http Protocol","Http Protocol"
1470,"Rule ID","Rule ID"
1471,下载路径,下载路径
1472,上传文件ID,上传文件ID
1473,检测结果,检测结果
1474,复制,复制
1475,是否启用规则,是否启用规则
1476,是否停用规则,是否停用规则
1480,"清空操作将对目前所有数据进行清空,清空后将不能恢复,确认","清空操作将对目前所有数据进行清空,清空后将不能恢复,确认"
1481,"未分类站点,不能删除","未分类站点,不能删除"
1482,主机头名必须是IPV4地址或者是合法的域名,主机头名必须是IPV4地址或者是合法的域名
1483,"允许IP,IP段,IP+掩码等方式,其中IP段格式为: ip-ip ,如(192.168.1.1-192.168.4.254),IP+掩码方式为: ip/掩码 ,如(192.168.1.0/24)","允许IP,IP段,IP+掩码等方式,其中IP段格式为: ip-ip ,如(192.168.1.1-192.168.4.254),IP+掩码方式为: ip/掩码 ,如(192.168.1.0/24)"
1484,预设模板,预设模板
1485,当前启用,当前启用
1486,"提示:预设规则模板,只能被启用其中一个. 当选择""严格""模板,有可能出现多报的情况,当选择""宽松""模板,有可能漏报情况.","提示:预设规则模板,只能被启用其中一个. 当选择""严格""模板,有可能出现多报的情况,当选择""宽松""模板,有可能漏报情况."
1487,没有选择需要重置的模板,没有选择需要重置的模板
1488,请选择需要重置的规则模板,请选择需要重置的规则模板
1489,确认需要重置选择的规则模板吗,确认需要重置选择的规则模板吗
1490,"当选择模板类型为站点组模板,此选项不生效","当选择模板类型为站点组模板,此选项不生效"
1491,上行,上行
1492,下行,下行
1493,内存,内存
1494,磁盘,磁盘
1495,当前预设规则模板名称,当前预设规则模板名称
1496,不允许上传,不允许上传
1497,关键字告警,关键字告警
1498,不支持选择超过两个设备,不支持选择超过两个设备
1499,"共 {total} 条记录, 每页显示 {pagesize} 条","共 {total} 条记录, 每页显示 {pagesize} 条"
1500,不能上传大于%sM的文件,不能上传大于%sM的文件
1501,根据条件清空数据,根据条件清空数据
1502,重置模板,重置模板
1503,公共接口,公共接口
1504,获取网口信息,获取网口信息
1506,站点管理,站点管理
1507,站点服务,站点服务
1508,测试,测试
1509,系统配置列表,系统配置列表
1510,更新黑白名单,更新黑白名单
1511,版本号,版本号
1512,项目版本号,项目版本号
1513,上一版本号,上一版本号
1514,端口/协议,端口/协议
1515,站点分组,站点分组
1516,上传文件名,上传文件名
1517,上传类型,上传类型
1518,上传用户,上传用户
1519,升级说明,升级说明
1520,升级结果,升级结果
1521,"蓝盾信息安全技术股份有限公司 版权所有 Copyright&copy;1998-%s Bluedon. All Rights Reserved","蓝盾信息安全技术股份有限公司 版权所有 Copyright&copy;1998-%s Bluedon. All Rights Reserved"
1522,根据搜索条件清空数据,根据搜索条件清空数据
1523,清空搜索条件,清空搜索条件
1524,无,无
1525,中,中
1526,此处留空表示支持任意,此处留空表示支持任意
1527,文件扩展名列表管理,文件扩展名列表管理
1528,机器学习引擎,机器学习引擎
1529,智能木马配置,智能木马配置
1530,"使用""|""隔开","使用""|""隔开"
1531,拦截的文件后缀名,拦截的文件后缀名
1532,最大文件分析,最大文件分析
1533,"IP防护功能,只适合于部署为""透明桥接""模式才有效","IP防护功能,只适合于部署为""透明桥接""模式才有效"
1534,"不使用IP防护功能,则对所有请求都防护; 使用IP防护功能,即仅防护源IP或目标IP符合设置的请求","不使用IP防护功能,则对所有请求都防护; 使用IP防护功能,即仅防护源IP或目标IP符合设置的请求"
1535,防护IP/IP段,防护IP/IP段
1536,"防护IP/IP段之间用""|""隔开, 例: 192.168.2.1或者192.168.2.1-192.168.2.254","防护IP/IP段之间用""|""隔开, 例: 192.168.2.1或者192.168.2.1-192.168.2.254"
1537,访问/流量报表不支持生成每周报表,访问/流量报表不支持生成每周报表
1538,"允许IP,IP段,IP+掩码等方式,其中IP段格式为: ip-ip ,如(192.168.1.1-254),IP+掩码方式为: ip/掩码 ,如(192.168.1.0/24)","允许IP,IP段,IP+掩码等方式,其中IP段格式为: ip-ip ,如(192.168.1.1-254),IP+掩码方式为: ip/掩码 ,如(192.168.1.0/24)"
1539,接入控制配置开关,接入控制配置开关
1540,点击启用按钮后需要选择黑/白名单模式才生效,点击启用按钮后需要选择黑/白名单模式才生效
1541,操作者,操作者
1542,升级中,升级中
1543,升级失败,升级失败
1544,升级文件包错误,升级文件包错误
1545,版本号错误,版本号错误
1546,版本已升级过,版本已升级过
1547,当前版本信息错误,当前版本信息错误
1548,升级版本错误,升级版本错误
1549,规则版本升级,规则版本升级
1550,处理方式,处理方式
1551,后缀,后缀
1552,病毒,病毒
1553,引擎,引擎
1554,绑定桥必须是一个外网口与一个内网口,绑定桥必须是一个外网口与一个内网口
1555,站点扫描,站点扫描
1556,修改密码,修改密码
1557,安全配置,安全配置
1558,应用安全,应用安全
1559,WAF引擎设置,WAF引擎设置
1560,wafEngine,wafEngine
1561,defaultInterceptModeSetting,defaultInterceptModeSetting
1562,interceptionMode,interceptionMode
1563,"检测端口设置:指定要检测的端口,如有多个请用|隔开,不能以0开头.如:80|8080","检测端口设置:指定要检测的端口,如有多个请用|隔开,不能以0开头.如:80|8080"
1564,checkPort,checkPort
1565,deploymentMode,deploymentMode
1566,sourceIpDefendCc,sourceIpDefendCc
1567,givenUriDefendCc,givenUriDefendCc
1568,dDosDefendConfig,dDosDefendConfig
1569,engine,engine
1570,fileSuffixName,fileSuffixName
1571,maximumFileAnalysis,maximumFileAnalysis
1572,updateTime,updateTime
1573,ipFilterFitTips,ipFilterFitTips
1574,ipFilterOrInterval,ipFilterOrInterval
1575,alertConfig,alertConfig
1576,mailAlert,mailAlert
1577,smsAlert,smsAlert
1578,sendInterval,sendInterval
1579,notificationConfig,notificationConfig
1580,enableGatewayEmailFunction,enableGatewayEmailFunction
1581,enablePhoneAlertFunction,enablePhoneAlertFunction
1582,addressorEmail,addressorEmail
1583,addressor,addressor
1584,addressorPwd,addressorPwd
1585,smtpServerAddr,smtpServerAddr
1586,smtpServerPort,smtpServerPort
1587,addresseeEmail,addresseeEmail
1588,addresseePhone,addresseePhone
1589,openState,openState
1590,interceptExtensionName,interceptExtensionName
1591,extensionName,extensionName
1592,必须包含英文字母,必须包含英文字母
1593,必须包含数字,必须包含数字
1594,必须包含特殊字符,必须包含特殊字符
1595,第一次登入必须修改密码,第一次登入必须修改密码
1596,密码最长使用天数,密码最长使用天数
1597,密码最小长度(字符),密码最小长度(字符)
1598,预设策略,预设策略
1599,selfStudyResult,selfStudyResult
1600,URI最大长度,URI最大长度
1601,URI参数名称最大长度,URI参数名称最大长度
1602,sshSwitchConfig,sshSwitchConfig
1603,"<span class=""red"">*</span>代理IP及端口:(权重值范围1-10，值越大，权重越大)","<span class=""red"">*</span>代理IP及端口:(权重值范围1-10，值越大，权重越大)"
1604,部署方式,部署方式
1605,回退,回退
1606,初始化升级数据失败,初始化升级数据失败
1607,升级状态错误,升级状态错误
1608,密码错误,密码错误
1609,"用户并未执行系统升级,不能进行还原操作","用户并未执行系统升级,不能进行还原操作"
1610,无版本升级记录,无版本升级记录
1611,还原文件错误,还原文件错误
1612,回退成功,回退成功
1613,异常终止,异常终止
1614,升级正在进行,升级正在进行
1615,设备依赖性检查失败,设备依赖性检查失败
1616,升级dpdk失败,升级dpdk失败
1617,"升级dpdk warper失败","升级dpdk warper失败"
1618,升级策略自动演进失败,升级策略自动演进失败
1619,升级IPS失败,升级IPS失败
1620,升级web应用防护失败,升级web应用防护失败
1621,升级防扫描、反拍照失败,升级防扫描、反拍照失败
1622,升级用户认证失败,升级用户认证失败
1623,升级PHP失败,升级PHP失败
1624,升级python失败,升级python失败
1625,升级数据库失败,升级数据库失败
1626,dpdk缺失,dpdk缺失
1627,"dpdk warper升级包缺失","dpdk warper升级包缺失"
1628,防扫描升级包缺失,防扫描升级包缺失
1629,python升级包缺失,python升级包缺失
1630,python配置文件缺失,python配置文件缺失
1631,"安装python pyinotify模块失败","安装python pyinotify模块失败"
1632,"安装python ipy模块失败","安装python ipy模块失败"
1633,"安装python jinja模块失败","安装python jinja模块失败"
1634,"安装python markupsafe模块失败","安装python markupsafe模块失败"
1635,"安装python mysqlpython模块失败","安装python mysqlpython模块失败"
1636,"安装python netaddr模块失败","安装python netaddr模块失败"
1637,"安装python psutil模块失败","安装python psutil模块失败"
1638,找不到升级包,找不到升级包
1639,升级包md5校验失败,升级包md5校验失败
1640,升级包解密失败,升级包解密失败
1641,无法解压升级包,无法解压升级包
1642,升级密码,升级密码
1643,系统还原,系统还原
1644,还原密码,还原密码
1645,还原至升级前的系统,还原至升级前的系统
1646,升级记录,升级记录
1647,"升级之前确保已经备份数据,升级过程中将不允许做任何操作","升级之前确保已经备份数据,升级过程中将不允许做任何操作"
1648,是否确定进行系统还原操作,是否确定进行系统还原操作
1649,还原失败,还原失败
1650,"系统升级中,请勿进行任何操作","系统升级中,请勿进行任何操作"
1651,"升级即将完成,系统即将重启","升级即将完成,系统即将重启"
1652,"升级失败,即将退出系统","升级失败,即将退出系统"
1653,"系统恢复中,请勿进行任何操作","系统恢复中,请勿进行任何操作"
1654,"恢复即将完成,系统即将重启","恢复即将完成,系统即将重启"
1655,"还原失败,即将退出系统","还原失败,即将退出系统"
1656,没有上一版本系统还原数据,没有上一版本系统还原数据
1657,登录密码安全策略,登录密码安全策略
1658,数据为空,数据为空
1659,旧密码错误,旧密码错误
1660,"""0""天表示不限制","""0""天表示不限制"
